id	name	rate
1001	"Autauga, AL"	267.372309
1003	"Baldwin, AL"	363.7362393
1005	"Barbour, AL"	265.6882591
1007	"Bibb, AL"	355.0375134
1009	"Blount, AL"	190.1088304
1011	"Bullock, AL"	299.4908655
1013	"Butler, AL"	132.824174
1015	"Calhoun, AL"	637.3486297
1017	"Chambers, AL"	225.7973469
1019	"Cherokee, AL"	499.5004995
1021	"Chilton, AL"	
1023	"Choctaw, AL"	38.34355828
1025	"Clarke, AL"	893.810032
1027	"Clay, AL"	455.9088182
1029	"Cleburne, AL"	529.386344
1031	"Coffee, AL"	336.3126799
1033	"Colbert, AL"	249.9927328
1035	"Conecuh, AL"	175.1549448
1037	"Coosa, AL"	353.6172094
1039	"Covington, AL"	734.4758513
1041	"Crenshaw, AL"	267.472962
1043	"Cullman, AL"	584.7619048
1045	"Dale, AL"	162.856048
1047	"Dallas, AL"	643.8396254
1049	"DeKalb, AL"	440.7738029
1051	"Elmore, AL"	175.862827
1053	"Escambia, AL"	359.8663354
1055	"Etowah, AL"	779.3285785
1057	"Fayette, AL"	476.1432398
1059	"Franklin, AL"	309.6761092
1061	"Geneva, AL"	202.5658339
1063	"Greene, AL"	388.7070376
1065	"Hale, AL"	298.2436761
1067	"Henry, AL"	201.9619158
1069	"Houston, AL"	539.8232757
1071	"Jackson, AL"	217.9251074
1073	"Jefferson, AL"	275.7742894
1075	"Lamar, AL"	118.5958254
1077	"Lauderdale, AL"	315.6340681
1079	"Lawrence, AL"	697.4633354
1081	"Lee, AL"	255.1263917
1083	"Limestone, AL"	286.7574471
1085	"Lowndes, AL"	209.272376
1087	"Macon, AL"	329.1910131
1089	"Madison, AL"	361.9230832
1091	"Marengo, AL"	408.9631081
1093	"Marion, AL"	331.1617807
1095	"Marshall, AL"	335.1262588
1097	"Mobile, AL"	3.754035588
1099	"Monroe, AL"	320.5128205
1101	"Montgomery, AL"	356.2268453
1103	"Morgan, AL"	674.6518032
1105	"Perry, AL"	207.5047553
1107	"Pickens, AL"	847.6535409
1109	"Pike, AL"	286.3837542
1111	"Randolph, AL"	106.3980706
1113	"Russell, AL"	598.7706655
1115	"St. Clair, AL"	292.0703767
1117	"Shelby, AL"	288.1028393
1119	"Sumter, AL"	59.52380952
1121	"Talladega, AL"	396.526045
1123	"Tallapoosa, AL"	258.0853295
1125	"Tuscaloosa, AL"	345.7814661
1127	"Walker, AL"	88.13900781
1129	"Washington, AL"	318.5020751
1131	"Wilcox, AL"	
1133	"Winston, AL"	437.5170905
2013	"Aleutians East, AK"	33.86386725
2016	"Aleutians West, AK"	
2020	"Anchorage, AK"	
2050	"Bethel, AK"	35.54291807
2060	"Bristol Bay, AK"	825.0825083
2068	"Denali, AK"	
2070	"Dillingham, AK"	31.53579313
2090	"Fairbanks North Star, AK"	
2100	"Haines, AK"	187.6172608
2105	"Hoonah-Angoon, AK"	
2110	"Juneau, AK"	40.55698256
2122	"Kenai Peninsula, AK"	34.8077541
2130	"Ketchikan Gateway, AK"	
2150	"Kodiak Island, AK"	
2158	"Kusilvak, AK"	
2164	"Lake and Peninsula, AK"	193.0501931
2170	"Matanuska-Susitna, AK"	8.490886449
2180	"Nome, AK"	63.8875579
2185	"North Slope, AK"	
2188	"Northwest Arctic, AK"	
2195	"Petersburg, AK"	48.8997555
2198	"Prince of Wales-Hyder, AK"	
2220	"Sitka, AK"	17.40947075
2230	"Skagway, AK"	
2240	"Southeast Fairbanks, AK"	
2261	"Valdez-Cordova, AK"	
2275	"Wrangell, AK"	
2282	"Yakutat, AK"	
2290	"Yukon-Koyukuk, AK"	
4001	"Apache, AZ"	118.6053798
4003	"Cochise, AZ"	268.0540334
4005	"Coconino, AZ"	396.1381507
4007	"Gila, AZ"	508.3762667
4009	"Graham, AZ"	78.5870869
4011	"Greenlee, AZ"	165.3986107
4012	"La Paz, AZ"	600.814664
4013	"Maricopa, AZ"	200.9866618
4015	"Mohave, AZ"	390.4339394
4017	"Navajo, AZ"	290.3971295
4019	"Pima, AZ"	233.3643772
4021	"Pinal, AZ"	154.4208483
4023	"Santa Cruz, AZ"	301.9410496
4025	"Yavapai, AZ"	281.0352116
4027	"Yuma, AZ"	263.6245234
5001	"Arkansas, AR"	303.7555228
5003	"Ashley, AR"	287.0499467
5005	"Baxter, AR"	269.0068795
5007	"Benton, AR"	253.3324266
5009	"Boone, AR"	306.0002661
5011	"Bradley, AR"	135.3383459
5013	"Calhoun, AR"	90.27986759
5015	"Carroll, AR"	462.3791509
5017	"Chicot, AR"	
5019	"Clark, AR"	249.0408562
5021	"Clay, AR"	367.278798
5023	"Cleburne, AR"	436.8932039
5025	"Cleveland, AR"	40.75810067
5027	"Columbia, AR"	240.7913575
5029	"Conway, AR"	262.5482625
5031	"Craighead, AR"	441.5914221
5033	"Crawford, AR"	124.7411621
5035	"Crittenden, AR"	541.5280224
5037	"Cross, AR"	359.3628594
5039	"Dallas, AR"	1454.033771
5041	"Desha, AR"	188.9809565
5043	"Drew, AR"	168.5914187
5045	"Faulkner, AR"	91.4141059
5047	"Franklin, AR"	190.0796524
5049	"Fulton, AR"	385.4940034
5051	"Garland, AR"	175.9818603
5053	"Grant, AR"	491.5488099
5055	"Greene, AR"	439.7963777
5057	"Hempstead, AR"	657.8444121
5059	"Hot Spring, AR"	23.03192224
5061	"Howard, AR"	360.5619794
5063	"Independence, AR"	230.0319489
5065	"Izard, AR"	347.3514452
5067	"Jackson, AR"	502.7422303
5069	"Jefferson, AR"	598.9660434
5071	"Johnson, AR"	178.0626781
5073	"Lafayette, AR"	368.1885125
5075	"Lawrence, AR"	58.75440658
5077	"Lee, AR"	
5079	"Lincoln, AR"	136.6982124
5081	"Little River, AR"	40.16064257
5083	"Logan, AR"	161.6577265
5085	"Lonoke, AR"	203.6067481
5087	"Madison, AR"	49.36808847
5089	"Marion, AR"	107.0778456
5091	"Miller, AR"	
5093	"Mississippi, AR"	403.8249076
5095	"Monroe, AR"	691.6996047
5097	"Montgomery, AR"	57.75895264
5099	"Nevada, AR"	79.34933545
5101	"Newton, AR"	22.08480565
5103	"Ouachita, AR"	612.13133
5105	"Perry, AR"	125.7861635
5107	"Phillips, AR"	642.9370108
5109	"Pike, AR"	634.3452651
5111	"Poinsett, AR"	363.09844
5113	"Polk, AR"	222.374273
5115	"Pope, AR"	91.03977
5117	"Prairie, AR"	331.5375052
5119	"Pulaski, AR"	312.4681455
5121	"Randolph, AR"	128.9609433
5123	"St. Francis, AR"	118.8919272
5125	"Saline, AR"	173.4548822
5127	"Scott, AR"	306.3527894
5129	"Searcy, AR"	237.0689655
5131	"Sebastian, AR"	480.7750973
5133	"Sevier, AR"	199.1654021
5135	"Sharp, AR"	170.974555
5137	"Stone, AR"	296.819788
5139	"Union, AR"	486.6982883
5141	"Van Buren, AR"	605.9339741
5143	"Washington, AR"	300.0965041
5145	"White, AR"	387.5511489
5147	"Woodruff, AR"	366.0130719
5149	"Yell, AR"	75.19362358
6001	"Alameda, CA"	182.4620538
6003	"Alpine, CA"	
6005	"Amador, CA"	247.2757754
6007	"Butte, CA"	237.0364435
6009	"Calaveras, CA"	160.1430114
6011	"Colusa, CA"	117.89846
6013	"Contra Costa, CA"	144.9066312
6015	"Del Norte, CA"	212.2549293
6017	"El Dorado, CA"	172.2134444
6019	"Fresno, CA"	346.2180638
6021	"Glenn, CA"	345.9409594
6023	"Humboldt, CA"	296.209188
6025	"Imperial, CA"	259.6972523
6027	"Inyo, CA"	215.6789197
6029	"Kern, CA"	268.9287442
6031	"Kings, CA"	386.7304953
6033	"Lake, CA"	449.7829082
6035	"Lassen, CA"	331.6596803
6037	"Los Angeles, CA"	152.8121207
6039	"Madera, CA"	357.5997502
6041	"Marin, CA"	144.6471174
6043	"Mariposa, CA"	165.5951685
6045	"Mendocino, CA"	368.5340324
6047	"Merced, CA"	379.6889037
6049	"Modoc, CA"	498.8028731
6051	"Mono, CA"	50.88540607
6053	"Monterey, CA"	185.3171775
6055	"Napa, CA"	146.6423382
6057	"Nevada, CA"	280.8652018
6059	"Orange, CA"	163.1943471
6061	"Placer, CA"	157.6668573
6063	"Plumas, CA"	166.2971175
6065	"Riverside, CA"	157.3791371
6067	"Sacramento, CA"	175.7593353
6069	"San Benito, CA"	207.3510898
6071	"San Bernardino, CA"	275.9496546
6073	"San Diego, CA"	121.4443142
6075	"San Francisco, CA"	162.2851742
6077	"San Joaquin, CA"	107.5831768
6079	"San Luis Obispo, CA"	159.0382231
6081	"San Mateo, CA"	116.7965054
6083	"Santa Barbara, CA"	290.7981698
6085	"Santa Clara, CA"	186.6612435
6087	"Santa Cruz, CA"	182.3468799
6089	"Shasta, CA"	233.4440232
6091	"Sierra, CA"	243.902439
6093	"Siskiyou, CA"	337.5024816
6095	"Solano, CA"	186.3273786
6097	"Sonoma, CA"	185.8880991
6099	"Stanislaus, CA"	235.3367125
6101	"Sutter, CA"	297.7164169
6103	"Tehama, CA"	304.759937
6105	"Trinity, CA"	694.8228883
6107	"Tulare, CA"	318.5386782
6109	"Tuolumne, CA"	281.7591572
6111	"Ventura, CA"	251.8900713
6113	"Yolo, CA"	139.2189493
6115	"Yuba, CA"	550.6098909
8001	"Adams, CO"	176.1752016
8003	"Alamosa, CO"	425.6475276
8005	"Arapahoe, CO"	147.3371151
8007	"Archuleta, CO"	271.1697276
8009	"Baca, CO"	148.0750247
8011	"Bent, CO"	535.4100754
8013	"Boulder, CO"	136.5667214
8014	"Broomfield, CO"	94.37402141
8015	"Chaffee, CO"	264.3383531
8017	"Cheyenne, CO"	
8019	"Clear Creek, CO"	527.1317829
8021	"Conejos, CO"	823.5536339
8023	"Costilla, CO"	181.7355747
8025	"Crowley, CO"	89.28571429
8027	"Custer, CO"	70.74637425
8029	"Delta, CO"	173.3780761
8031	"Denver, CO"	285.9823768
8033	"Dolores, CO"	
8035	"Douglas, CO"	70.78861997
8037	"Eagle, CO"	108.3283898
8039	"Elbert, CO"	91.80102129
8041	"El Paso, CO"	165.9447894
8043	"Fremont, CO"	275.6675321
8045	"Garfield, CO"	233.9121812
8047	"Gilpin, CO"	277.9064382
8049	"Grand, CO"	65.54307116
8051	"Gunnison, CO"	38.1933439
8053	"Hinsdale, CO"	38.87688985
8055	"Huerfano, CO"	338.1014304
8057	"Jackson, CO"	
8059	"Jefferson, CO"	108.8019497
8061	"Kiowa, CO"	195
8063	"Kit Carson, CO"	423.0317274
8065	"Lake, CO"	37.12641544
8067	"La Plata, CO"	
8069	"Larimer, CO"	155.4428025
8071	"Las Animas, CO"	492.047145
8073	"Lincoln, CO"	433.7218758
8075	"Logan, CO"	594.3730462
8077	"Mesa, CO"	500.9126359
8079	"Mineral, CO"	369.1275168
8081	"Moffat, CO"	493.4408473
8083	"Montezuma, CO"	243.1533146
8085	"Montrose, CO"	255.5144099
8087	"Morgan, CO"	
8089	"Otero, CO"	343.9536568
8091	"Ouray, CO"	255.6953417
8093	"Park, CO"	64.12825651
8095	"Phillips, CO"	594.4833265
8097	"Pitkin, CO"	24.4339469
8099	"Prowers, CO"	194.9770456
8101	"Pueblo, CO"	450.7789195
8103	"Rio Blanco, CO"	221.1302211
8105	"Rio Grande, CO"	368.7272727
8107	"Routt, CO"	127.9768529
8109	"Saguache, CO"	197.141449
8111	"San Juan, CO"	
8113	"San Miguel, CO"	120.6064783
8115	"Sedgwick, CO"	
8117	"Summit, CO"	106.4018443
8119	"Teller, CO"	323.1017771
8121	"Washington, CO"	673.627484
8123	"Weld, CO"	274.7678019
8125	"Yuma, CO"	254.92862
9001	"Fairfield, CT"	
9003	"Hartford, CT"	
9005	"Litchfield, CT"	
9007	"Middlesex, CT"	
9009	"New Haven, CT"	
9011	"New London, CT"	
9013	"Tolland, CT"	
9015	"Windham, CT"	
10001	"Kent, DE"	
10003	"New Castle, DE"	
10005	"Sussex, DE"	
11001	"District of Columbia, DC"	219.8519808
12001	"Alachua, FL"	338.6370774
12003	"Baker, FL"	2565.740445
12005	"Bay, FL"	646.004512
12007	"Bradford, FL"	651.8761983
12009	"Brevard, FL"	255.5980339
12011	"Broward, FL"	297.2925201
12013	"Calhoun, FL"	315.3247845
12015	"Charlotte, FL"	573.5107048
12017	"Citrus, FL"	487.0620052
12019	"Clay, FL"	211.039191
12021	"Collier, FL"	316.0528295
12023	"Columbia, FL"	301.8493907
12027	"DeSoto, FL"	475.0695485
12029	"Dixie, FL"	624.6340035
12031	"Duval, FL"	178.9371292
12033	"Escambia, FL"	717.7206931
12035	"Flagler, FL"	158.4735317
12037	"Franklin, FL"	628.5870456
12039	"Gadsden, FL"	680.4814663
12041	"Gilchrist, FL"	278.8428024
12043	"Glades, FL"	2961.357891
12045	"Gulf, FL"	415.2902312
12047	"Hamilton, FL"	274.0014754
12049	"Hardee, FL"	542.5709516
12051	"Hendry, FL"	462.388632
12053	"Hernando, FL"	393.127548
12055	"Highlands, FL"	600.0639567
12057	"Hillsborough, FL"	216.1622361
12059	"Holmes, FL"	518.134715
12061	"Indian River, FL"	348.510002
12063	"Jackson, FL"	
12065	"Jefferson, FL"	180.1396082
12067	"Lafayette, FL"	219.4463201
12069	"Lake, FL"	131.7458768
12071	"Lee, FL"	304.8063467
12073	"Leon, FL"	379.2959229
12075	"Levy, FL"	452.8082419
12077	"Liberty, FL"	631.5439588
12079	"Madison, FL"	379.4906392
12081	"Manatee, FL"	322.5082607
12083	"Marion, FL"	520.6201519
12085	"Martin, FL"	339.7382345
12086	"Miami-Dade, FL"	167.4751925
12087	"Monroe, FL"	914.1907334
12089	"Nassau, FL"	391.7709181
12091	"Okaloosa, FL"	380.6928016
12093	"Okeechobee, FL"	499.5772808
12095	"Orange, FL"	199.9956296
12097	"Osceola, FL"	299.0705994
12099	"Palm Beach, FL"	173.1278392
12101	"Pasco, FL"	382.0667058
12103	"Pinellas, FL"	357.9347167
12105	"Polk, FL"	455.108025
12107	"Putnam, FL"	70.97232079
12109	"St. Johns, FL"	190.0574607
12111	"St. Lucie, FL"	605.6049785
12113	"Santa Rosa, FL"	238.3830528
12115	"Sarasota, FL"	390.7859643
12117	"Seminole, FL"	183.0745075
12119	"Sumter, FL"	760.3995825
12121	"Suwannee, FL"	500.3706449
12123	"Taylor, FL"	591.891092
12125	"Union, FL"	214.3622722
12127	"Volusia, FL"	305.5694526
12129	"Wakulla, FL"	918.6169967
12131	"Walton, FL"	439.8859887
12133	"Washington, FL"	237.3995617
13001	"Appling, GA"	200.3135342
13003	"Atkinson, GA"	93.93199324
13005	"Bacon, GA"	611.4903299
13007	"Baker, GA"	104.7120419
13009	"Baldwin, GA"	61.97605767
13011	"Banks, GA"	253.1025474
13013	"Barrow, GA"	531.6850471
13015	"Bartow, GA"	601.1596839
13017	"Ben Hill, GA"	943.7596302
13019	"Berrien, GA"	551.7582146
13021	"Bibb, GA"	410.9252975
13023	"Bleckley, GA"	245.2984464
13025	"Brantley, GA"	594.795539
13027	"Brooks, GA"	540.5405405
13029	"Bryan, GA"	133.0430576
13031	"Bulloch, GA"	328.1466924
13033	"Burke, GA"	354.1076487
13035	"Butts, GA"	807.1472582
13037	"Calhoun, GA"	852.0179372
13039	"Camden, GA"	360.5700982
13043	"Candler, GA"	
13045	"Carroll, GA"	733.3662652
13047	"Catoosa, GA"	466.0592361
13049	"Charlton, GA"	
13051	"Chatham, GA"	695.3295821
13053	"Chattahoochee, GA"	
13055	"Chattooga, GA"	157.659078
13057	"Cherokee, GA"	360.952868
13059	"Clarke, GA"	336.2766351
13061	"Clay, GA"	101.8404908
13063	"Clayton, GA"	710.6817622
13065	"Clinch, GA"	143.8159156
13067	"Cobb, GA"	319.1298007
13069	"Coffee, GA"	757.4423111
13071	"Colquitt, GA"	
13073	"Columbia, GA"	207.5385923
13075	"Cook, GA"	464.4681839
13077	"Coweta, GA"	185.4883837
13079	"Crawford, GA"	226.4720684
13081	"Crisp, GA"	995.1683854
13083	"Dade, GA"	741.7268924
13085	"Dawson, GA"	512.8529821
13087	"Decatur, GA"	431.9782236
13089	"DeKalb, GA"	248.9744393
13091	"Dodge, GA"	922.3336505
13093	"Dooly, GA"	199.0049751
13095	"Dougherty, GA"	895.979021
13097	"Douglas, GA"	496.5739457
13099	"Early, GA"	177.3907434
13101	"Echols, GA"	753.5672966
13103	"Effingham, GA"	268.8823216
13105	"Elbert, GA"	308.5361673
13107	"Emanuel, GA"	687.6710406
13109	"Evans, GA"	120.7182737
13111	"Fannin, GA"	141.9974305
13113	"Fayette, GA"	205.4322349
13115	"Floyd, GA"	
13117	"Forsyth, GA"	102.2481737
13119	"Franklin, GA"	447.2271914
13121	"Fulton, GA"	282.2414392
13123	"Gilmer, GA"	541.5754923
13125	"Glascock, GA"	
13127	"Glynn, GA"	674.4084718
13129	"Gordon, GA"	318.4037359
13131	"Grady, GA"	489.1915119
13133	"Greene, GA"	
13135	"Gwinnett, GA"	234.9676959
13137	"Habersham, GA"	264.6700331
13139	"Hall, GA"	199.2936234
13141	"Hancock, GA"	448.2629809
13143	"Haralson, GA"	384.9398861
13145	"Harris, GA"	253.2790592
13147	"Hart, GA"	276.0178157
13149	"Heard, GA"	460.5263158
13151	"Henry, GA"	171.4201649
13153	"Houston, GA"	448.7578849
13155	"Irwin, GA"	491.4809961
13157	"Jackson, GA"	327.4941205
13159	"Jasper, GA"	237.395433
13161	"Jeff Davis, GA"	331.5862659
13163	"Jefferson, GA"	436.5904366
13165	"Jenkins, GA"	121.233114
13167	"Johnson, GA"	234.4849148
13169	"Jones, GA"	488.045624
13171	"Lamar, GA"	518.754988
13173	"Lanier, GA"	
13175	"Laurens, GA"	396.5405258
13177	"Lee, GA"	335.6387307
13179	"Liberty, GA"	408.0629302
13181	"Lincoln, GA"	1046.462955
13183	"Long, GA"	
13185	"Lowndes, GA"	753.6887866
13187	"Lumpkin, GA"	446.6279589
13189	"McDuffie, GA"	627.1160822
13191	"McIntosh, GA"	916.7923871
13193	"Macon, GA"	270.8192282
13195	"Madison, GA"	142.3149905
13197	"Marion, GA"	380.4451208
13199	"Meriwether, GA"	522.2333154
13201	"Miller, GA"	894.4543828
13205	"Mitchell, GA"	563.2823366
13207	"Monroe, GA"	83.97715821
13209	"Montgomery, GA"	
13211	"Morgan, GA"	587.9809771
13213	"Murray, GA"	259.0473245
13215	"Muscogee, GA"	787.111153
13217	"Newton, GA"	234.4129274
13219	"Oconee, GA"	80.25360138
13221	"Oglethorpe, GA"	
13223	"Paulding, GA"	113.6444985
13225	"Peach, GA"	368.010546
13227	"Pickens, GA"	263.0647038
13229	"Pierce, GA"	470.1030928
13231	"Pike, GA"	114.5381658
13233	"Polk, GA"	248.4425986
13235	"Pulaski, GA"	231.0469314
13237	"Putnam, GA"	346.6338006
13239	"Quitman, GA"	101.8444266
13241	"Rabun, GA"	411.7706136
13243	"Randolph, GA"	101.6949153
13245	"Richmond, GA"	622.7149779
13247	"Rockdale, GA"	447.5402113
13249	"Schley, GA"	30.3674461
13251	"Screven, GA"	436.9258346
13253	"Seminole, GA"	784.3925986
13255	"Spalding, GA"	813.5987215
13257	"Stephens, GA"	710.4905474
13259	"Stewart, GA"	
13261	"Sumter, GA"	747.7260847
13263	"Talbot, GA"	127.8772379
13265	"Taliaferro, GA"	440.8376963
13267	"Tattnall, GA"	440.5034325
13269	"Taylor, GA"	983.0908376
13271	"Telfair, GA"	273.872558
13273	"Terrell, GA"	495.1437821
13275	"Thomas, GA"	632.2214955
13277	"Tift, GA"	356.3628003
13279	"Toombs, GA"	447.3191078
13281	"Towns, GA"	291.0985139
13283	"Treutlen, GA"	515.3431717
13285	"Troup, GA"	859.8565443
13287	"Turner, GA"	952.1794329
13289	"Twiggs, GA"	
13291	"Union, GA"	246.210664
13293	"Upson, GA"	605.2902367
13295	"Walker, GA"	370.7136237
13297	"Walton, GA"	511.0930422
13299	"Ware, GA"	1506.701448
13301	"Warren, GA"	627.1929825
13303	"Washington, GA"	341.6597069
13305	"Wayne, GA"	440.6210659
13307	"Webster, GA"	747.9674797
13309	"Wheeler, GA"	284.3433446
13311	"White, GA"	350.9349125
13313	"Whitfield, GA"	564.4430581
13315	"Wilcox, GA"	395.5288048
13317	"Wilkes, GA"	440.3278129
13319	"Wilkinson, GA"	447.0672389
13321	"Worth, GA"	252.3460295
15001	"Hawaii, HI"	
15003	"Honolulu, HI"	
15005	"Kalawao, HI"	
15007	"Kauai, HI"	
15009	"Maui, HI"	
16001	"Ada, ID"	310.9265892
16003	"Adams, ID"	
16005	"Bannock, ID"	418.3291212
16007	"Bear Lake, ID"	
16009	"Benewah, ID"	55.25879536
16011	"Bingham, ID"	305.3051255
16013	"Blaine, ID"	148.1690538
16015	"Boise, ID"	310.8566582
16017	"Bonner, ID"	
16019	"Bonneville, ID"	175.7197481
16021	"Boundary, ID"	85.55539712
16023	"Butte, ID"	
16025	"Camas, ID"	
16027	"Canyon, ID"	251.8585299
16029	"Caribou, ID"	287.4940105
16031	"Cassia, ID"	270.3651685
16033	"Clark, ID"	
16035	"Clearwater, ID"	305.5767762
16037	"Custer, ID"	164.2710472
16039	"Elmore, ID"	210.0482543
16041	"Franklin, ID"	
16043	"Fremont, ID"	121.2121212
16045	"Gem, ID"	190.8214865
16047	"Gooding, ID"	264.7253475
16049	"Idaho, ID"	43.23389537
16051	"Jefferson, ID"	164.0735502
16053	"Jerome, ID"	356.1643836
16055	"Kootenai, ID"	314.8225636
16057	"Latah, ID"	59.85704729
16059	"Lemhi, ID"	
16061	"Lewis, ID"	94.16195857
16063	"Lincoln, ID"	
16065	"Madison, ID"	79.01198902
16067	"Minidoka, ID"	270.3357005
16069	"Nez Perce, ID"	222.3545761
16071	"Oneida, ID"	418.2104848
16073	"Owyhee, ID"	406.9033254
16075	"Payette, ID"	77.7330224
16077	"Power, ID"	287.1658935
16079	"Shoshone, ID"	402.8589994
16081	"Teton, ID"	79.02892562
16083	"Twin Falls, ID"	217.5969726
16085	"Valley, ID"	287.2694285
16087	"Washington, ID"	435.0852767
17001	"Adams, IL"	42.40776312
17003	"Alexander, IL"	1122.156698
17005	"Bond, IL"	201.5944287
17007	"Boone, IL"	208.7319534
17009	"Brown, IL"	
17011	"Bureau, IL"	64.808814
17013	"Calhoun, IL"	160.4895105
17015	"Carroll, IL"	95.2154249
17017	"Cass, IL"	
17019	"Champaign, IL"	85.19418283
17021	"Christian, IL"	178.6576533
17023	"Clark, IL"	146.0158531
17025	"Clay, IL"	124.4245365
17027	"Clinton, IL"	105.8459534
17029	"Coles, IL"	155.9161518
17031	"Cook, IL"	168.4992105
17033	"Crawford, IL"	131.7740076
17035	"Cumberland, IL"	283.7091235
17037	"DeKalb, IL"	89.52428174
17039	"De Witt, IL"	508.6267079
17041	"Douglas, IL"	74.96876302
17043	"DuPage, IL"	66.51815848
17045	"Edgar, IL"	121.4953271
17047	"Edwards, IL"	255.263842
17049	"Effingham, IL"	182.6526789
17051	"Fayette, IL"	212.7191374
17053	"Ford, IL"	156.4756861
17055	"Franklin, IL"	392.090729
17057	"Fulton, IL"	253.8761447
17059	"Gallatin, IL"	255.1426676
17061	"Greene, IL"	
17063	"Grundy, IL"	96.21455847
17065	"Hamilton, IL"	255.2326763
17067	"Hancock, IL"	141.3094677
17069	"Hardin, IL"	85.61643836
17071	"Henderson, IL"	
17073	"Henry, IL"	318.7886033
17075	"Iroquois, IL"	53.45687812
17077	"Jackson, IL"	352.0329905
17079	"Jasper, IL"	50.43712172
17081	"Jefferson, IL"	271.8314645
17083	"Jersey, IL"	160.3348358
17085	"Jo Daviess, IL"	66.09385327
17087	"Johnson, IL"	298.5206727
17089	"Kane, IL"	132.7198726
17091	"Kankakee, IL"	644.3987956
17093	"Kendall, IL"	103.8029631
17095	"Knox, IL"	333.6220447
17097	"Lake, IL"	102.0709199
17099	"LaSalle, IL"	165.434301
17101	"Lawrence, IL"	170.4384055
17103	"Lee, IL"	132.3053059
17105	"Livingston, IL"	573.8754249
17107	"Logan, IL"	141.7248438
17109	"McDonough, IL"	146.570256
17111	"McHenry, IL"	213.8875896
17113	"McLean, IL"	136.7174394
17115	"Macon, IL"	383.2487703
17117	"Macoupin, IL"	112.4227094
17119	"Madison, IL"	160.0682335
17121	"Marion, IL"	113.5569532
17123	"Marshall, IL"	86.30609896
17125	"Mason, IL"	411.9714043
17127	"Massac, IL"	427.8554779
17129	"Menard, IL"	155.6420233
17131	"Mercer, IL"	356.356776
17133	"Monroe, IL"	27.21705602
17135	"Montgomery, IL"	132.5088339
17137	"Morgan, IL"	95.57183817
17139	"Moultrie, IL"	282.0715333
17141	"Ogle, IL"	239.5917605
17143	"Peoria, IL"	240.186539
17145	"Perry, IL"	223.6490874
17147	"Piatt, IL"	410.6776181
17149	"Pike, IL"	264.3264961
17151	"Pope, IL"	427.8135657
17153	"Pulaski, IL"	1122.167789
17155	"Putnam, IL"	
17157	"Randolph, IL"	80.93311116
17159	"Richland, IL"	222.0107834
17161	"Rock Island, IL"	257.182004
17163	"St. Clair, IL"	225.8871392
17165	"Saline, IL"	298.6008341
17167	"Sangamon, IL"	228.2209178
17169	"Schuyler, IL"	323.1017771
17171	"Scott, IL"	
17173	"Shelby, IL"	15.39764416
17175	"Stark, IL"	183.6547291
17177	"Stephenson, IL"	242.8454009
17179	"Tazewell, IL"	152.3874026
17181	"Union, IL"	1122.047624
17183	"Vermilion, IL"	542.2831401
17185	"Wabash, IL"	157.2327044
17187	"Warren, IL"	131.7275122
17189	"Washington, IL"	229.2526364
17191	"Wayne, IL"	164.4567787
17193	"White, IL"	255.1505547
17195	"Whiteside, IL"	117.5986359
17197	"Will, IL"	142.1065021
17199	"Williamson, IL"	199.2598918
17201	"Winnebago, IL"	452.3170793
17203	"Woodford, IL"	58.4404742
18001	"Adams, IN"	280.3422108
18003	"Allen, IN"	213.986845
18005	"Bartholomew, IN"	314.4237144
18007	"Benton, IN"	149.4489072
18009	"Blackford, IN"	623.6141907
18011	"Boone, IN"	274.7760229
18013	"Brown, IN"	191.1842804
18015	"Carroll, IN"	199.4574757
18017	"Cass, IN"	398.8035892
18019	"Clark, IN"	772.813614
18021	"Clay, IN"	477.4567871
18023	"Clinton, IN"	487.0945064
18025	"Crawford, IN"	377.5864673
18027	"Daviess, IN"	466.6332163
18029	"Dearborn, IN"	307.7116302
18031	"Decatur, IN"	354.3167592
18033	"DeKalb, IN"	293.3825926
18035	"Delaware, IN"	431.5271695
18037	"Dubois, IN"	213.5631323
18039	"Elkhart, IN"	407.4209939
18041	"Fayette, IN"	739.5004883
18043	"Floyd, IN"	551.821998
18045	"Fountain, IN"	196.908536
18047	"Franklin, IN"	83.79888268
18049	"Fulton, IN"	407.7970802
18051	"Gibson, IN"	194.9873972
18053	"Grant, IN"	
18055	"Greene, IN"	293.1240064
18057	"Hamilton, IN"	81.47620062
18059	"Hancock, IN"	200.5794517
18061	"Harrison, IN"	501.7307767
18063	"Hendricks, IN"	203.2798242
18065	"Henry, IN"	350.1895521
18067	"Howard, IN"	640.3834443
18069	"Huntington, IN"	212.1880835
18071	"Jackson, IN"	679.5178999
18073	"Jasper, IN"	250.2833396
18075	"Jay, IN"	441.8145957
18077	"Jefferson, IN"	598.5748219
18079	"Jennings, IN"	61.7387888
18081	"Johnson, IN"	282.9091339
18083	"Knox, IN"	548.1531456
18085	"Kosciusko, IN"	341.2224493
18087	"LaGrange, IN"	205.5146429
18089	"Lake, IN"	181.9915071
18091	"LaPorte, IN"	482.1559867
18093	"Lawrence, IN"	545.3138193
18095	"Madison, IN"	230.5315502
18097	"Marion, IN"	284.1986495
18099	"Marshall, IN"	385.7212988
18101	"Martin, IN"	573.2484076
18103	"Miami, IN"	478.6545925
18105	"Monroe, IN"	186.8006478
18107	"Montgomery, IN"	438.0708352
18109	"Morgan, IN"	528.45976
18111	"Newton, IN"	519.3045834
18113	"Noble, IN"	296.5305921
18115	"Ohio, IN"	262.0350109
18117	"Orange, IN"	322.7141084
18119	"Owen, IN"	361.4457831
18121	"Parke, IN"	358.829084
18123	"Perry, IN"	303.7766831
18125	"Pike, IN"	325.5208333
18127	"Porter, IN"	259.1277527
18129	"Posey, IN"	205.0708427
18131	"Pulaski, IN"	567.5954592
18133	"Putnam, IN"	471.3460859
18135	"Randolph, IN"	289.4356006
18137	"Ripley, IN"	317.0189099
18139	"Rush, IN"	351.6775972
18141	"St. Joseph, IN"	257.8292039
18143	"Scott, IN"	569.2845129
18145	"Shelby, IN"	513.1606507
18147	"Spencer, IN"	328.0737385
18149	"Starke, IN"	125.2348153
18151	"Steuben, IN"	280.1635053
18153	"Sullivan, IN"	305.7436121
18155	"Switzerland, IN"	261.8367654
18157	"Tippecanoe, IN"	185.3121854
18159	"Tipton, IN"	126.8096798
18161	"Union, IN"	310.3524717
18163	"Vanderburgh, IN"	152.0544338
18165	"Vermillion, IN"	601.7221703
18167	"Vigo, IN"	410.9301838
18169	"Wabash, IN"	343.4312369
18171	"Warren, IN"	236.453202
18173	"Warrick, IN"	126.5598502
18175	"Washington, IN"	372.6569887
18177	"Wayne, IN"	157.2022831
18179	"Wells, IN"	173.973556
18181	"White, IN"	313.3514986
18183	"Whitley, IN"	153.6742107
19001	"Adair, IA"	47.43833017
19003	"Adams, IA"	185.6148492
19005	"Allamakee, IA"	62.9089079
19007	"Appanoose, IA"	136.6306873
19009	"Audubon, IA"	
19011	"Benton, IA"	37.60576622
19013	"Black Hawk, IA"	246.5762939
19015	"Boone, IA"	
19017	"Bremer, IA"	135.9047373
19019	"Buchanan, IA"	162.9675617
19021	"Buena Vista, IA"	193.4703748
19023	"Butler, IA"	46.63635304
19025	"Calhoun, IA"	8.902077151
19027	"Carroll, IA"	
19029	"Cass, IA"	132.5029813
19031	"Cedar, IA"	68.71671534
19033	"Cerro Gordo, IA"	184.6224855
19035	"Cherokee, IA"	107.2303922
19037	"Chickasaw, IA"	69.82265047
19039	"Clarke, IA"	266.9514148
19041	"Clay, IA"	102.7115859
19043	"Clayton, IA"	38.83118144
19045	"Clinton, IA"	164.3069393
19047	"Crawford, IA"	56.81280182
19049	"Dallas, IA"	25.80245639
19051	"Davis, IA"	96.86168152
19053	"Decatur, IA"	61.63961373
19055	"Delaware, IA"	
19057	"Des Moines, IA"	152.174832
19059	"Dickinson, IA"	
19061	"Dubuque, IA"	135.5389715
19063	"Emmet, IA"	86.91117678
19065	"Fayette, IA"	199.5012469
19067	"Floyd, IA"	
19069	"Franklin, IA"	
19071	"Fremont, IA"	194.789384
19073	"Greene, IA"	75.65727256
19075	"Grundy, IA"	53.86479935
19077	"Guthrie, IA"	46.86035614
19079	"Hamilton, IA"	121.4798454
19081	"Hancock, IA"	31.22073057
19083	"Hardin, IA"	809.6780339
19085	"Harrison, IA"	92.20839096
19087	"Henry, IA"	165.4194565
19089	"Howard, IA"	56.01194922
19091	"Humboldt, IA"	106.6666667
19093	"Ida, IA"	76.18080244
19095	"Iowa, IA"	210.9916608
19097	"Jackson, IA"	33.80091262
19099	"Jasper, IA"	86.14006374
19101	"Jefferson, IA"	134.2619787
19103	"Johnson, IA"	62.88319447
19105	"Jones, IA"	54.49591281
19107	"Keokuk, IA"	49.12395612
19109	"Kossuth, IA"	115.2339249
19111	"Lee, IA"	270.0142113
19113	"Linn, IA"	222.3586386
19115	"Louisa, IA"	212.7961413
19117	"Lucas, IA"	39.09304144
19119	"Lyon, IA"	101.7737714
19121	"Madison, IA"	29.5043273
19123	"Mahaska, IA"	139.9116348
19125	"Marion, IA"	138.2730177
19127	"Marshall, IA"	
19129	"Mills, IA"	21.27885945
19131	"Mitchell, IA"	15.8755358
19133	"Monona, IA"	80.56394763
19135	"Monroe, IA"	169.2405331
19137	"Montgomery, IA"	166.9449082
19139	"Muscatine, IA"	813.0684982
19141	"O'Brien, IA"	242.5418385
19143	"Osceola, IA"	
19145	"Page, IA"	52.68148773
19147	"Palo Alto, IA"	18.95016108
19149	"Plymouth, IA"	124.1100007
19151	"Pocahontas, IA"	127.5510204
19153	"Polk, IA"	264.1962708
19155	"Pottawattamie, IA"	281.8336163
19157	"Poweshiek, IA"	186.0937236
19159	"Ringgold, IA"	107.1428571
19161	"Sac, IA"	8.742194469
19163	"Scott, IA"	235.3535262
19165	"Shelby, IA"	29.0486565
19167	"Sioux, IA"	79.05873599
19169	"Story, IA"	65.87072869
19171	"Tama, IA"	146.4271769
19173	"Taylor, IA"	
19175	"Union, IA"	119.4267516
19177	"Van Buren, IA"	24.16042522
19179	"Wapello, IA"	
19181	"Warren, IA"	52.09450556
19183	"Washington, IA"	75.0412727
19185	"Wayne, IA"	164.7898929
19187	"Webster, IA"	164.2674966
19189	"Winnebago, IA"	63.04176517
19191	"Winneshiek, IA"	77.75445144
19193	"Woodbury, IA"	239.4414064
19195	"Worth, IA"	43.25259516
19197	"Wright, IA"	205.3107035
20001	"Allen, KS"	145.0039547
20003	"Anderson, KS"	395.6043956
20005	"Atchison, KS"	272.0559658
20007	"Barber, KS"	115.8748552
20009	"Barton, KS"	363.9101518
20011	"Bourbon, KS"	520.8936219
20013	"Brown, KS"	196.4285714
20015	"Butler, KS"	
20017	"Chase, KS"	5153.294194
20019	"Chautauqua, KS"	320.6841261
20021	"Cherokee, KS"	273.9946813
20023	"Cheyenne, KS"	
20025	"Clark, KS"	172.2652885
20027	"Clay, KS"	153.2063909
20029	"Cloud, KS"	250.3369921
20031	"Coffey, KS"	79.96801279
20033	"Comanche, KS"	
20035	"Cowley, KS"	182.5733717
20037	"Crawford, KS"	138.996139
20039	"Decatur, KS"	62.73525721
20041	"Dickinson, KS"	70.21239249
20043	"Doniphan, KS"	372.4394786
20045	"Douglas, KS"	83.94210264
20047	"Edwards, KS"	58.99705015
20049	"Elk, KS"	228.3105023
20051	"Ellis, KS"	162.4993448
20053	"Ellsworth, KS"	201.5621063
20055	"Finney, KS"	408.1106624
20057	"Ford, KS"	457.8583442
20059	"Franklin, KS"	214.1589671
20061	"Geary, KS"	481.741979
20063	"Gove, KS"	258.2872928
20065	"Graham, KS"	142.7551749
20067	"Grant, KS"	133.809099
20069	"Gray, KS"	163.304253
20071	"Greeley, KS"	
20073	"Greenwood, KS"	
20075	"Hamilton, KS"	562.5
20077	"Harper, KS"	323.6245955
20079	"Harvey, KS"	
20081	"Haskell, KS"	161.1603546
20083	"Hodgeman, KS"	
20085	"Jackson, KS"	572.1393035
20087	"Jefferson, KS"	159.5164134
20089	"Jewell, KS"	
20091	"Johnson, KS"	154.9081561
20093	"Kearny, KS"	
20095	"Kingman, KS"	203.4817997
20097	"Kiowa, KS"	472.3346829
20099	"Labette, KS"	230.7565518
20101	"Lane, KS"	
20103	"Leavenworth, KS"	174.1312163
20105	"Lincoln, KS"	116.0092807
20107	"Linn, KS"	223.099365
20109	"Logan, KS"	
20111	"Lyon, KS"	428.9907428
20113	"McPherson, KS"	22.8050171
20115	"Marion, KS"	140.9840688
20117	"Marshall, KS"	175.346309
20119	"Meade, KS"	163.3401222
20121	"Miami, KS"	229.5404506
20123	"Mitchell, KS"	543.1675243
20125	"Montgomery, KS"	480.9930178
20127	"Morris, KS"	
20129	"Morton, KS"	560.7476636
20131	"Nemaha, KS"	220.9005947
20133	"Neosho, KS"	274.1748392
20135	"Ness, KS"	188.0877743
20137	"Norton, KS"	57.78676683
20139	"Osage, KS"	143.2518162
20141	"Osborne, KS"	99.25558313
20143	"Ottawa, KS"	
20145	"Pawnee, KS"	182.4817518
20147	"Phillips, KS"	130.5909239
20149	"Pottawatomie, KS"	121.0002689
20151	"Pratt, KS"	270.8070049
20153	"Rawlins, KS"	295.8579882
20155	"Reno, KS"	214.9368138
20157	"Republic, KS"	77.66990291
20159	"Rice, KS"	288.379983
20161	"Riley, KS"	46.29299907
20163	"Rooks, KS"	269.8145025
20165	"Rush, KS"	
20167	"Russell, KS"	430.597771
20169	"Saline, KS"	356.3604498
20171	"Scott, KS"	
20173	"Sedgwick, KS"	267.5552745
20175	"Seward, KS"	471.3902386
20177	"Shawnee, KS"	353.673318
20179	"Sheridan, KS"	
20181	"Sherman, KS"	167.3173452
20183	"Smith, KS"	99.8003992
20185	"Stafford, KS"	
20187	"Stanton, KS"	82.71298594
20189	"Stevens, KS"	209.3301435
20191	"Sumner, KS"	738.2169222
20193	"Thomas, KS"	415.8868788
20195	"Trego, KS"	258.6520947
20197	"Wabaunsee, KS"	118.623962
20199	"Wallace, KS"	237.2479241
20201	"Washington, KS"	64.47453256
20203	"Wichita, KS"	
20205	"Wilson, KS"	805.026507
20207	"Woodson, KS"	
20209	"Wyandotte, KS"	299.2740009
21001	"Adair, KY"	661.7517429
21003	"Allen, KY"	268.7770644
21005	"Anderson, KY"	456.8912554
21007	"Ballard, KY"	243.5064935
21009	"Barren, KY"	73.73471375
21011	"Bath, KY"	440.3110823
21013	"Bell, KY"	226.3791255
21015	"Boone, KY"	396.0315144
21017	"Bourbon, KY"	910.3382259
21019	"Boyd, KY"	490.3607174
21021	"Boyle, KY"	536.2759759
21023	"Bracken, KY"	357.0210347
21025	"Breathitt, KY"	995.4740353
21027	"Breckinridge, KY"	348.7874465
21029	"Bullitt, KY"	211.2754365
21031	"Butler, KY"	187.5
21033	"Caldwell, KY"	
21035	"Calloway, KY"	233.2054465
21037	"Campbell, KY"	628.1065703
21039	"Carlisle, KY"	391.6872138
21041	"Carroll, KY"	684.077381
21043	"Carter, KY"	769.640637
21045	"Casey, KY"	310.5911585
21047	"Christian, KY"	575.5375412
21049	"Clark, KY"	451.8399444
21051	"Clay, KY"	662.9834254
21053	"Clinton, KY"	236.3693665
21055	"Crittenden, KY"	331.0040456
21057	"Cumberland, KY"	661.6579013
21059	"Daviess, KY"	394.9010378
21061	"Edmonson, KY"	
21063	"Elliott, KY"	458.1210516
21065	"Estill, KY"	133.3481498
21067	"Fayette, KY"	396.7331019
21069	"Fleming, KY"	357.0634038
21071	"Floyd, KY"	704.1633659
21073	"Franklin, KY"	444.255112
21075	"Fulton, KY"	391.6866507
21077	"Gallatin, KY"	
21079	"Garrard, KY"	211.163536
21081	"Grant, KY"	
21083	"Graves, KY"	217.7226214
21085	"Grayson, KY"	2737.413325
21087	"Green, KY"	337.5564293
21089	"Greenup, KY"	405.8291828
21091	"Hancock, KY"	348.8884806
21093	"Hardin, KY"	443.6091265
21095	"Harlan, KY"	562.2440873
21097	"Harrison, KY"	910.3023236
21099	"Hart, KY"	301.5580499
21101	"Henderson, KY"	1595.578267
21103	"Henry, KY"	683.9678179
21105	"Hickman, KY"	391.8398768
21107	"Hopkins, KY"	434.8594661
21109	"Jackson, KY"	349.7318722
21111	"Jefferson, KY"	260.9825177
21113	"Jessamine, KY"	250.6408431
21115	"Johnson, KY"	458.1960894
21117	"Kenton, KY"	405.7986981
21119	"Knott, KY"	594.0432477
21121	"Knox, KY"	
21123	"Larue, KY"	
21125	"Laurel, KY"	765.6577
21127	"Lawrence, KY"	458.1844174
21129	"Lee, KY"	995.5147373
21131	"Leslie, KY"	
21133	"Letcher, KY"	367.2150411
21135	"Lewis, KY"	331.6356745
21137	"Lincoln, KY"	211.2288967
21139	"Livingston, KY"	618.4930298
21141	"Logan, KY"	472.8273881
21143	"Lyon, KY"	
21145	"McCracken, KY"	618.5246838
21147	"McCreary, KY"	463.1247815
21149	"McLean, KY"	
21151	"Madison, KY"	311.0713107
21153	"Magoffin, KY"	458.2183187
21155	"Marion, KY"	407.687307
21157	"Marshall, KY"	334.7105277
21159	"Martin, KY"	458.158447
21161	"Mason, KY"	357.0423196
21163	"Meade, KY"	303.9200536
21165	"Menifee, KY"	
21167	"Mercer, KY"	
21169	"Metcalfe, KY"	73.70292549
21171	"Monroe, KY"	313.6669156
21173	"Montgomery, KY"	440.2332362
21175	"Morgan, KY"	458.1826154
21177	"Muhlenberg, KY"	152.4235342
21179	"Nelson, KY"	367.0528017
21181	"Nicholas, KY"	910.4216736
21183	"Ohio, KY"	288.2037534
21185	"Oldham, KY"	167.3413084
21187	"Owen, KY"	
21189	"Owsley, KY"	995.3034682
21191	"Pendleton, KY"	396.0084034
21193	"Perry, KY"	594.0093829
21195	"Pike, KY"	389.0635826
21197	"Powell, KY"	640.7035176
21199	"Pulaski, KY"	307.2763029
21201	"Robertson, KY"	910.618793
21203	"Rockcastle, KY"	129.7497683
21205	"Rowan, KY"	489.9387577
21207	"Russell, KY"	313.1908622
21209	"Scott, KY"	253.1375736
21211	"Shelby, KY"	456.9281353
21213	"Simpson, KY"	169.4915254
21215	"Spencer, KY"	456.9026479
21217	"Taylor, KY"	337.5200099
21219	"Todd, KY"	328.9040916
21221	"Trigg, KY"	575.5502338
21223	"Trimble, KY"	684.0175953
21225	"Union, KY"	130.8110284
21227	"Warren, KY"	362.5099606
21229	"Washington, KY"	407.5885775
21231	"Wayne, KY"	441.2228175
21233	"Webster, KY"	594.9490044
21235	"Whitley, KY"	659.3406593
21237	"Wolfe, KY"	995.5015744
21239	"Woodford, KY"	292.6421405
22001	"Acadia, LA"	12.72361758
22003	"Allen, LA"	175.7675182
22005	"Ascension, LA"	455.0099762
22007	"Assumption, LA"	278.7068004
22009	"Avoyelles, LA"	440.8035888
22011	"Beauregard, LA"	105.1038426
22013	"Bienville, LA"	371.5170279
22015	"Bossier, LA"	645.3647767
22017	"Caddo, LA"	617.7797804
22019	"Calcasieu, LA"	568.2775523
22021	"Caldwell, LA"	650.0713493
22023	"Cameron, LA"	568.0576797
22025	"Catahoula, LA"	9101.159794
22027	"Claiborne, LA"	906.8346697
22029	"Concordia, LA"	1226.844329
22031	"De Soto, LA"	503.80785
22033	"East Baton Rouge, LA"	329.9882317
22035	"East Carroll, LA"	11025.1878
22037	"East Feliciana, LA"	447.1168671
22039	"Evangeline, LA"	295.9691816
22041	"Franklin, LA"	628.5714286
22043	"Grant, LA"	258.5349685
22045	"Iberia, LA"	500.2334423
22047	"Iberville, LA"	404.950405
22049	"Jackson, LA"	6105.476673
22051	"Jefferson, LA"	302.5106595
22053	"Jefferson Davis, LA"	289.7666616
22055	"Lafayette, LA"	312.7943993
22057	"Lafourche, LA"	224.0045114
22059	"LaSalle, LA"	83.66450533
22061	"Lincoln, LA"	291.2621359
22063	"Livingston, LA"	431.8450168
22065	"Madison, LA"	68.25006825
22067	"Morehouse, LA"	612.2712039
22069	"Natchitoches, LA"	485.181741
22071	"Orleans, LA"	439.8031179
22073	"Ouachita, LA"	625.8085868
22075	"Plaquemines, LA"	
22077	"Pointe Coupee, LA"	356.2152134
22079	"Rapides, LA"	515.0131183
22081	"Red River, LA"	442.6481909
22083	"Richland, LA"	3126.714207
22085	"Sabine, LA"	578.2360318
22087	"St. Bernard, LA"	645.391451
22089	"St. Charles, LA"	651.6333705
22091	"St. Helena, LA"	654.2056075
22093	"St. James, LA"	377.4702095
22095	"St. John the Baptist, LA"	431.5376181
22097	"St. Landry, LA"	509.7020506
22099	"St. Martin, LA"	463.5227731
22101	"St. Mary, LA"	734.1539825
22103	"St. Tammany, LA"	361.0108303
22105	"Tangipahoa, LA"	244.2508871
22107	"Tensas, LA"	
22109	"Terrebonne, LA"	671.197131
22111	"Union, LA"	794.5185509
22113	"Vermilion, LA"	251.6448662
22115	"Vernon, LA"	70.86953842
22117	"Washington, LA"	580.1705978
22119	"Webster, LA"	419.2872117
22121	"West Baton Rouge, LA"	956.1661195
22123	"West Carroll, LA"	176.2632197
22125	"West Feliciana, LA"	108.5383502
22127	"Winn, LA"	342.1255932
23001	"Androscoggin, ME"	163.6993148
23003	"Aroostook, ME"	200.1562195
23005	"Cumberland, ME"	135.2115572
23007	"Franklin, ME"	47.66696679
23009	"Hancock, ME"	89.20871867
23011	"Kennebec, ME"	187.3900518
23013	"Knox, ME"	192.3559421
23015	"Lincoln, ME"	231.746662
23017	"Oxford, ME"	51.94379135
23019	"Penobscot, ME"	128.4246575
23021	"Piscataquis, ME"	189.2618787
23023	"Sagadahoc, ME"	231.7210857
23025	"Somerset, ME"	219.4880673
23027	"Waldo, ME"	
23029	"Washington, ME"	126.8096798
23031	"York, ME"	118.4342539
24001	"Allegany, MD"	157.0162609
24003	"Anne Arundel, MD"	152.5207569
24005	"Baltimore, MD"	136.25094
24009	"Calvert, MD"	101.3055342
24011	"Caroline, MD"	121.7057529
24013	"Carroll, MD"	76.82643552
24015	"Cecil, MD"	234.918665
24017	"Charles, MD"	136.7989056
24019	"Dorchester, MD"	291.9483712
24021	"Frederick, MD"	44.66752084
24023	"Garrett, MD"	60.21458288
24025	"Harford, MD"	83.91876663
24027	"Howard, MD"	99.41888959
24029	"Kent, MD"	342.4071221
24031	"Montgomery, MD"	75.91863737
24033	"Prince George's, MD"	125.5850385
24035	"Queen Anne's, MD"	174.8470089
24037	"St. Mary's, MD"	152.5988243
24039	"Somerset, MD"	175.5876522
24041	"Talbot, MD"	150.2811712
24043	"Washington, MD"	244.3113283
24045	"Wicomico, MD"	219.1047585
24047	"Worcester, MD"	637.1540453
24510	"Baltimore, MD"	480.9414544
25001	"Barnstable, MA"	130.9505305
25003	"Berkshire, MA"	139.1291269
25005	"Bristol, MA"	181.2904021
25007	"Dukes, MA"	75.40767273
25009	"Essex, MA"	165.4532783
25011	"Franklin, MA"	316.0849672
25013	"Hampden, MA"	217.3567988
25015	"Hampshire, MA"	78.44572863
25017	"Middlesex, MA"	31.37846406
25019	"Nantucket, MA"	130.8990245
25021	"Norfolk, MA"	61.32877585
25023	"Plymouth, MA"	188.7694146
25025	"Suffolk, MA"	159.1558055
25027	"Worcester, MA"	96.90321679
26001	"Alcona, MI"	89.26977325
26003	"Alger, MI"	193.6278824
26005	"Allegan, MI"	150.4992005
26007	"Alpena, MI"	131.8580519
26009	"Antrim, MI"	147.0480112
26011	"Arenac, MI"	110.3630946
26013	"Baraga, MI"	
26015	"Barry, MI"	136.5240463
26017	"Bay, MI"	231.7885844
26019	"Benzie, MI"	123.8095238
26021	"Berrien, MI"	276.1394661
26023	"Branch, MI"	186.4307647
26025	"Calhoun, MI"	530.0955582
26027	"Cass, MI"	171.1209981
26029	"Charlevoix, MI"	144.9001449
26031	"Cheboygan, MI"	224.2152466
26033	"Chippewa, MI"	286.8183086
26035	"Clare, MI"	441.0323424
26037	"Clinton, MI"	286.0033464
26039	"Crawford, MI"	324.4412401
26041	"Delta, MI"	139.8927489
26043	"Dickinson, MI"	243.9337527
26045	"Eaton, MI"	132.4577967
26047	"Emmet, MI"	145.2925223
26049	"Genesee, MI"	235.9739393
26051	"Gladwin, MI"	313.3088135
26053	"Gogebic, MI"	140.586136
26055	"Grand Traverse, MI"	173.5667977
26057	"Gratiot, MI"	103.5388086
26059	"Hillsdale, MI"	80.34934498
26061	"Houghton, MI"	71.18331798
26063	"Huron, MI"	211.3362957
26065	"Ingham, MI"	97.66054172
26067	"Ionia, MI"	107.1586647
26069	"Iosco, MI"	140.0266051
26071	"Iron, MI"	418.9494038
26073	"Isabella, MI"	187.96264
26075	"Jackson, MI"	
26077	"Kalamazoo, MI"	
26079	"Kalkaska, MI"	206.6858375
26081	"Kent, MI"	128.8954492
26083	"Keweenaw, MI"	
26085	"Lake, MI"	160.1630751
26087	"Lapeer, MI"	76.44595792
26089	"Leelanau, MI"	73.60157017
26091	"Lenawee, MI"	100.3808097
26093	"Livingston, MI"	90.53582916
26095	"Luce, MI"	
26097	"Mackinac, MI"	124.6882793
26099	"Macomb, MI"	123.4452153
26101	"Manistee, MI"	263.3178043
26103	"Marquette, MI"	114.2256642
26105	"Mason, MI"	172.5625539
26107	"Mecosta, MI"	268.2993946
26109	"Menominee, MI"	50.11095998
26111	"Midland, MI"	115.6737999
26113	"Missaukee, MI"	175.15052
26115	"Monroe, MI"	184.2644349
26117	"Montcalm, MI"	102.341675
26119	"Montmorency, MI"	96.95559434
26121	"Muskegon, MI"	237.8592666
26123	"Newaygo, MI"	695.332743
26125	"Oakland, MI"	36.63267635
26127	"Oceana, MI"	155.1253413
26129	"Ogemaw, MI"	58.51965453
26131	"Ontonagon, MI"	64.30868167
26133	"Osceola, MI"	154.6138169
26135	"Oscoda, MI"	58.63539446
26137	"Otsego, MI"	131.7696666
26139	"Ottawa, MI"	90.38867129
26141	"Presque Isle, MI"	98.43903811
26143	"Roscommon, MI"	256.9528416
26145	"Saginaw, MI"	239.5537172
26147	"St. Clair, MI"	281.6901408
26149	"St. Joseph, MI"	42.4403183
26151	"Sanilac, MI"	63.5828962
26153	"Schoolcraft, MI"	188.1270903
26155	"Shiawassee, MI"	145.2861456
26157	"Tuscola, MI"	81.21766334
26159	"Van Buren, MI"	145.701797
26161	"Washtenaw, MI"	
26163	"Wayne, MI"	98.60237277
26165	"Wexford, MI"	155.3096486
27001	"Aitkin, MN"	555.4242496
27003	"Anoka, MN"	85.71757551
27005	"Becker, MN"	186.5030675
27007	"Beltrami, MN"	256.1825386
27009	"Benton, MN"	202.4523473
27011	"Big Stone, MN"	
27013	"Blue Earth, MN"	200.1831463
27015	"Brown, MN"	97.94958861
27017	"Carlton, MN"	147.2243873
27019	"Carver, MN"	92.11873081
27021	"Cass, MN"	89.97120921
27023	"Chippewa, MN"	114.2367557
27025	"Chisago, MN"	27.10541295
27027	"Clay, MN"	87.90895483
27029	"Clearwater, MN"	269.1272587
27031	"Cook, MN"	63.85696041
27033	"Cottonwood, MN"	140.0342306
27035	"Crow Wing, MN"	389.8182569
27037	"Dakota, MN"	57.32445282
27039	"Dodge, MN"	210.7626675
27041	"Douglas, MN"	110.8140623
27043	"Faribault, MN"	184.6153846
27045	"Fillmore, MN"	16.30789302
27047	"Freeborn, MN"	373.8934404
27049	"Goodhue, MN"	135.520189
27051	"Grant, MN"	
27053	"Hennepin, MN"	92.68069792
27055	"Houston, MN"	106.4773736
27057	"Hubbard, MN"	295.2513737
27059	"Isanti, MN"	66.0681668
27061	"Itasca, MN"	212.3379526
27063	"Jackson, MN"	84.2034355
27065	"Kanabec, MN"	99.60159363
27067	"Kandiyohi, MN"	111.4527287
27069	"Kittson, MN"	81.53281696
27071	"Koochiching, MN"	94.06073636
27073	"Lac qui Parle, MN"	80.40739748
27075	"Lake, MN"	160.6167684
27077	"Lake of the Woods, MN"	133.3333333
27079	"Le Sueur, MN"	44.70772326
27081	"Lincoln, MN"	
27083	"Lyon, MN"	130.6441526
27085	"McLeod, MN"	124.7716234
27087	"Mahnomen, MN"	
27089	"Marshall, MN"	
27091	"Martin, MN"	121.2646167
27093	"Meeker, MN"	251.3284504
27095	"Mille Lacs, MN"	502.5125628
27097	"Morrison, MN"	292.0647493
27099	"Mower, MN"	217.8470139
27101	"Murray, MN"	130.6113724
27103	"Nicollet, MN"	89.50548221
27105	"Nobles, MN"	10.65920774
27107	"Norman, MN"	525.9047123
27109	"Olmsted, MN"	98.20131269
27111	"Otter Tail, MN"	123.4531613
27113	"Pennington, MN"	236.9935673
27115	"Pine, MN"	160.7458608
27117	"Pipestone, MN"	
27119	"Polk, MN"	525.7832563
27121	"Pope, MN"	110.73148
27123	"Ramsey, MN"	106.5441869
27125	"Red Lake, MN"	525.8037225
27127	"Redwood, MN"	134.9375914
27129	"Renville, MN"	389.0605332
27131	"Rice, MN"	67.73996884
27133	"Rock, MN"	10.59055825
27135	"Roseau, MN"	42.02122072
27137	"St. Louis, MN"	6.177129179
27139	"Scott, MN"	52.06259762
27141	"Sherburne, MN"	797.661437
27143	"Sibley, MN"	85.57064927
27145	"Stearns, MN"	94.5603897
27147	"Steele, MN"	210.7953294
27149	"Stevens, MN"	
27151	"Swift, MN"	54.54545455
27153	"Todd, MN"	
27155	"Traverse, MN"	
27157	"Wabasha, MN"	169.1266913
27159	"Wadena, MN"	189.8493862
27161	"Waseca, MN"	34.10932037
27163	"Washington, MN"	86.83240157
27165	"Watonwan, MN"	91.46341463
27167	"Wilkin, MN"	154.0832049
27169	"Winona, MN"	147.1818995
27171	"Wright, MN"	116.3785727
27173	"Yellow Medicine, MN"	153.1133038
28001	"Adams, MS"	343.0275913
28003	"Alcorn, MS"	550.7508283
28005	"Amite, MS"	613.1625562
28007	"Attala, MS"	154.9539696
28009	"Benton, MS"	246.8198215
28011	"Bolivar, MS"	465.7685181
28013	"Calhoun, MS"	357.5418994
28015	"Carroll, MS"	290.7532553
28017	"Chickasaw, MS"	159.2953523
28019	"Choctaw, MS"	551.4750151
28021	"Claiborne, MS"	150.8801341
28023	"Clarke, MS"	239.933236
28025	"Clay, MS"	598.4097057
28027	"Coahoma, MS"	507.5779239
28029	"Copiah, MS"	227.033612
28031	"Covington, MS"	228.7747839
28033	"DeSoto, MS"	267.85196
28035	"Forrest, MS"	538.0093653
28037	"Franklin, MS"	
28039	"George, MS"	521.5803886
28041	"Greene, MS"	
28043	"Grenada, MS"	755.2063468
28045	"Hancock, MS"	302.3255814
28047	"Harrison, MS"	565.9225282
28049	"Hinds, MS"	381.9113479
28051	"Holmes, MS"	410.8112922
28053	"Humphreys, MS"	410.7459162
28055	"Issaquena, MS"	8575.942915
28057	"Itawamba, MS"	99.16044159
28059	"Jackson, MS"	226.3997081
28061	"Jasper, MS"	170.5457464
28063	"Jefferson, MS"	153.9476578
28065	"Jefferson Davis, MS"	
28067	"Jones, MS"	476.9512711
28069	"Kemper, MS"	676.090965
28071	"Lafayette, MS"	328.45701
28073	"Lamar, MS"	251.6553055
28075	"Lauderdale, MS"	564.8412565
28077	"Lawrence, MS"	325.0552594
28079	"Leake, MS"	476.4864305
28081	"Lee, MS"	264.8692094
28083	"Leflore, MS"	349.127182
28085	"Lincoln, MS"	314.4508671
28087	"Lowndes, MS"	382.2428428
28089	"Madison, MS"	443.7382803
28091	"Marion, MS"	312.5203464
28093	"Marshall, MS"	173.1227007
28095	"Monroe, MS"	221.930341
28097	"Montgomery, MS"	290.6412188
28099	"Neshoba, MS"	213.7473282
28101	"Newton, MS"	142.0348359
28103	"Noxubee, MS"	270.9211318
28105	"Oktibbeha, MS"	60.3682463
28107	"Panola, MS"	271.1147872
28109	"Pearl River, MS"	363.7308392
28111	"Perry, MS"	265.9928182
28113	"Pike, MS"	532.1123623
28115	"Pontotoc, MS"	214.3355598
28117	"Prentiss, MS"	112.4789102
28119	"Quitman, MS"	288.1205674
28121	"Rankin, MS"	406.7575191
28123	"Scott, MS"	403.8680319
28125	"Sharkey, MS"	8576.213775
28127	"Simpson, MS"	325.4823056
28129	"Smith, MS"	
28131	"Stone, MS"	938.4023099
28133	"Sunflower, MS"	228.8198616
28135	"Tallahatchie, MS"	104.2752868
28137	"Tate, MS"	209.4072165
28139	"Tippah, MS"	
28141	"Tishomingo, MS"	299.850075
28143	"Tunica, MS"	969.9475274
28145	"Union, MS"	330.328649
28147	"Walthall, MS"	168.161435
28149	"Warren, MS"	258.1258703
28151	"Washington, MS"	351.3254551
28153	"Wayne, MS"	213.0681818
28155	"Webster, MS"	97.6880495
28157	"Wilkinson, MS"	226.6782912
28159	"Winston, MS"	551.5015688
28161	"Yalobusha, MS"	223.6547823
28163	"Yazoo, MS"	103.669915
29001	"Adair, MO"	259.1257323
29003	"Andrew, MO"	
29005	"Atchison, MO"	33.16749585
29007	"Audrain, MO"	264.6642457
29009	"Barry, MO"	216.2211897
29011	"Barton, MO"	167.8321678
29013	"Bates, MO"	974.6394828
29015	"Benton, MO"	206.669798
29017	"Bollinger, MO"	251.3227513
29019	"Boone, MO"	117.9885315
29021	"Buchanan, MO"	31.23752668
29023	"Butler, MO"	228.067508
29025	"Caldwell, MO"	108.0886327
29027	"Callaway, MO"	237.863915
29029	"Camden, MO"	
29031	"Cape Girardeau, MO"	386.7832847
29033	"Carroll, MO"	134.7708895
29035	"Carter, MO"	
29037	"Cass, MO"	212.3174221
29039	"Cedar, MO"	173.80509
29041	"Chariton, MO"	232.7205027
29043	"Christian, MO"	114.4102424
29045	"Clark, MO"	535.8012664
29047	"Clay, MO"	153.9892454
29049	"Clinton, MO"	124.6105919
29051	"Cole, MO"	283.1097904
29053	"Cooper, MO"	237.2791985
29055	"Crawford, MO"	359.1287289
29057	"Dade, MO"	132.6553173
29059	"Dallas, MO"	267.8571429
29061	"Daviess, MO"	1035.604665
29063	"DeKalb, MO"	1035.751117
29065	"Dent, MO"	302.8336578
29067	"Douglas, MO"	338.3214053
29069	"Dunklin, MO"	850.8224617
29071	"Franklin, MO"	143.9350323
29073	"Gasconade, MO"	359.1850518
29075	"Gentry, MO"	262.7700127
29077	"Greene, MO"	350.9810335
29079	"Grundy, MO"	433.576136
29081	"Harrison, MO"	262.5466611
29083	"Henry, MO"	473.7887819
29085	"Hickory, MO"	59.37067089
29087	"Holt, MO"	156.9858713
29089	"Howard, MO"	126.2626263
29091	"Howell, MO"	173.6470005
29093	"Iron, MO"	191.2960306
29095	"Jackson, MO"	183.6402749
29097	"Jasper, MO"	303.840386
29099	"Jefferson, MO"	72.39218976
29101	"Johnson, MO"	
29103	"Knox, MO"	
29105	"Laclede, MO"	423.2852396
29107	"Lafayette, MO"	34.4539056
29109	"Lawrence, MO"	153.879034
29111	"Lewis, MO"	96.15384615
29113	"Lincoln, MO"	531.7178985
29115	"Linn, MO"	
29117	"Livingston, MO"	219.5045469
29119	"McDonald, MO"	239.2017496
29121	"Macon, MO"	248.1389578
29123	"Madison, MO"	119.8721364
29125	"Maries, MO"	73.32722273
29127	"Marion, MO"	206.993007
29129	"Mercer, MO"	140.5810684
29131	"Miller, MO"	482.8740664
29133	"Mississippi, MO"	588.2352941
29135	"Moniteau, MO"	193.5359009
29137	"Monroe, MO"	353.2182104
29139	"Montgomery, MO"	809.6590909
29141	"Morgan, MO"	1264.416916
29143	"New Madrid, MO"	357.4452074
29145	"Newton, MO"	214.3563812
29147	"Nodaway, MO"	74.96720185
29149	"Oregon, MO"	16.33986928
29151	"Osage, MO"	57.45805562
29153	"Ozark, MO"	298.0329823
29155	"Pemiscot, MO"	608.7824351
29157	"Perry, MO"	299.7502082
29159	"Pettis, MO"	397.0632304
29161	"Phelps, MO"	
29163	"Pike, MO"	285.6662746
29165	"Platte, MO"	242.0699937
29167	"Polk, MO"	176.5917787
29169	"Pulaski, MO"	130.0838908
29171	"Putnam, MO"	110.2130786
29173	"Ralls, MO"	
29175	"Randolph, MO"	376.9620566
29177	"Ray, MO"	691.6585973
29179	"Reynolds, MO"	208.8227617
29181	"Ripley, MO"	234.0189679
29183	"St. Charles, MO"	148.8651892
29185	"St. Clair, MO"	2702.702703
29186	"Ste. Genevieve, MO"	934.8290598
29187	"St. Francois, MO"	427.8728606
29189	"St. Louis, MO"	175.81989
29195	"Saline, MO"	455.0782597
29197	"Schuyler, MO"	110.2941176
29199	"Scotland, MO"	70.64641469
29201	"Scott, MO"	210.1723413
29203	"Shannon, MO"	81.4166497
29205	"Shelby, MO"	
29207	"Stoddard, MO"	226.0073866
29209	"Stone, MO"	321.307779
29211	"Sullivan, MO"	26.32964718
29213	"Taney, MO"	496.8542365
29215	"Texas, MO"	254.4529262
29217	"Vernon, MO"	793.5248373
29219	"Warren, MO"	298.576022
29221	"Washington, MO"	341.6785736
29223	"Wayne, MO"	115.2811579
29225	"Webster, MO"	70.18123271
29227	"Worth, MO"	
29229	"Wright, MO"	395.1842662
29510	"St. Louis, MO"	563.8610337
30001	"Beaverhead, MT"	33.10162198
30003	"Big Horn, MT"	76.43312102
30005	"Blaine, MT"	49.30966469
30007	"Broadwater, MT"	85.78431373
30009	"Carbon, MT"	353.6245353
30011	"Carter, MT"	40.11461318
30013	"Cascade, MT"	467.2621969
30015	"Chouteau, MT"	260.2113682
30017	"Custer, MT"	164.7446458
30019	"Daniels, MT"	
30021	"Dawson, MT"	400.148203
30023	"Deer Lodge, MT"	437.4158816
30025	"Fallon, MT"	40.93234792
30027	"Fergus, MT"	63.44035986
30029	"Flathead, MT"	129.1908243
30031	"Gallatin, MT"	69.15697859
30033	"Garfield, MT"	21.73913043
30035	"Glacier, MT"	21.70323189
30037	"Golden Valley, MT"	
30039	"Granite, MT"	
30041	"Hill, MT"	490.3432403
30043	"Jefferson, MT"	13.23801959
30045	"Judith Basin, MT"	63.22350846
30047	"Lake, MT"	50.89346302
30049	"Lewis and Clark, MT"	78.08911346
30051	"Liberty, MT"	260.3748327
30053	"Lincoln, MT"	142.6787944
30055	"McCone, MT"	
30057	"Madison, MT"	69.07894737
30059	"Meagher, MT"	86.1195542
30061	"Mineral, MT"	289.1367204
30063	"Missoula, MT"	209.4818082
30065	"Musselshell, MT"	146.8428781
30067	"Park, MT"	76.06008747
30069	"Petroleum, MT"	64.51612903
30071	"Phillips, MT"	
30073	"Pondera, MT"	28.25656965
30075	"Powder River, MT"	
30077	"Powell, MT"	170.794193
30079	"Prairie, MT"	
30081	"Ravalli, MT"	133.9954284
30083	"Richland, MT"	359.4536305
30085	"Roosevelt, MT"	196.2560386
30087	"Rosebud, MT"	
30089	"Sanders, MT"	139.4268009
30091	"Sheridan, MT"	97.32360097
30093	"Silver Bow, MT"	93.8379731
30095	"Stillwater, MT"	353.5652174
30097	"Sweet Grass, MT"	
30099	"Teton, MT"	
30101	"Toole, MT"	64.28801029
30103	"Treasure, MT"	
30105	"Valley, MT"	464.037123
30107	"Wheatland, MT"	
30109	"Wibaux, MT"	400.6677796
30111	"Yellowstone, MT"	353.5996531
31001	"Adams, NE"	117.4308179
31003	"Antelope, NE"	56.02240896
31005	"Arthur, NE"	
31007	"Banner, NE"	566.5859564
31009	"Blaine, NE"	
31011	"Boone, NE"	33.04692664
31013	"Box Butte, NE"	108.1081081
31015	"Boyd, NE"	
31017	"Brown, NE"	
31019	"Buffalo, NE"	183.8235294
31021	"Burt, NE"	59.99461932
31023	"Butler, NE"	246.659815
31025	"Cass, NE"	255.8012059
31027	"Cedar, NE"	61.79196704
31029	"Chase, NE"	129.3661061
31031	"Cherry, NE"	178.041543
31033	"Cheyenne, NE"	140.7954945
31035	"Clay, NE"	54.27408412
31037	"Colfax, NE"	173.9520958
31039	"Cuming, NE"	
31041	"Custer, NE"	128.2051282
31043	"Dakota, NE"	399.1378622
31045	"Dawes, NE"	
31047	"Dawson, NE"	397.8905003
31049	"Deuel, NE"	
31051	"Dixon, NE"	59.41770648
31053	"Dodge, NE"	134.7890551
31055	"Douglas, NE"	311.9809306
31057	"Dundy, NE"	
31059	"Fillmore, NE"	
31061	"Franklin, NE"	178.041543
31063	"Frontier, NE"	
31065	"Furnas, NE"	73.69196758
31067	"Gage, NE"	53.84615385
31069	"Garden, NE"	189.9335233
31071	"Garfield, NE"	54.81874447
31073	"Gosper, NE"	398.2905983
31075	"Grant, NE"	
31077	"Greeley, NE"	55.08145849
31079	"Hall, NE"	269.2458502
31081	"Hamilton, NE"	71.31395971
31083	"Harlan, NE"	104.3296818
31085	"Hayes, NE"	
31087	"Hitchcock, NE"	127.7955272
31089	"Holt, NE"	138.1931249
31091	"Hooker, NE"	
31093	"Howard, NE"	
31095	"Jefferson, NE"	339.8883224
31097	"Johnson, NE"	188.2597095
31099	"Kearney, NE"	25.56237219
31101	"Keith, NE"	162.0431528
31103	"Keya Paha, NE"	
31105	"Kimball, NE"	430.0047778
31107	"Knox, NE"	107.3652566
31109	"Lancaster, NE"	188.4543446
31111	"Lincoln, NE"	360.288305
31113	"Logan, NE"	361.0451306
31115	"Loup, NE"	55.40166205
31117	"McPherson, NE"	
31119	"Madison, NE"	239.3857272
31121	"Merrick, NE"	189.1492506
31123	"Morrill, NE"	35.52397869
31125	"Nance, NE"	189.3158388
31127	"Nemaha, NE"	116.3602513
31129	"Nuckolls, NE"	
31131	"Otoe, NE"	103.2951141
31133	"Pawnee, NE"	188.6120996
31135	"Perkins, NE"	161.8638872
31137	"Phelps, NE"	371.9546215
31139	"Pierce, NE"	62.55813953
31141	"Platte, NE"	173.9002212
31143	"Polk, NE"	96.71179884
31145	"Red Willow, NE"	
31147	"Richardson, NE"	
31149	"Rock, NE"	
31151	"Saline, NE"	536.3397548
31153	"Sarpy, NE"	111.945868
31155	"Saunders, NE"	621.8809981
31157	"Scotts Bluff, NE"	567.0041141
31159	"Seward, NE"	99.86382206
31161	"Sheridan, NE"	210.8963093
31163	"Sherman, NE"	55.09478673
31165	"Sioux, NE"	
31167	"Stanton, NE"	62.61859583
31169	"Thayer, NE"	71.47962831
31171	"Thomas, NE"	
31173	"Thurston, NE"	166.7063587
31175	"Valley, NE"	55.22260274
31177	"Washington, NE"	60.09280742
31179	"Wayne, NE"	
31181	"Webster, NE"	144.092219
31183	"Wheeler, NE"	54.46623094
31185	"York, NE"	169.8204755
32001	"Churchill, NV"	158.1027668
32003	"Clark, NV"	200.0174046
32005	"Douglas, NV"	141.1930815
32007	"Elko, NV"	326.8068369
32009	"Esmeralda, NV"	963.8554217
32011	"Eureka, NV"	237.5296912
32013	"Humboldt, NV"	440.2810304
32015	"Lander, NV"	146.0280374
32017	"Lincoln, NV"	259.3192869
32019	"Lyon, NV"	128.734018
32021	"Mineral, NV"	680.7866868
32023	"Nye, NV"	510.4244376
32027	"Pershing, NV"	319.284802
32029	"Storey, NV"	
32031	"Washoe, NV"	233.1307628
32033	"White Pine, NV"	96.26183218
32510	"Carson City, NV"	327.9254401
33001	"Belknap, NH"	185.0403961
33003	"Carroll, NH"	86.30510581
33005	"Cheshire, NH"	163.7184043
33007	"Coos, NH"	70.10515774
33009	"Grafton, NH"	89.27518655
33011	"Hillsborough, NH"	78.99034681
33013	"Merrimack, NH"	108.9259304
33015	"Rockingham, NH"	32.61292835
33017	"Strafford, NH"	375.8694047
33019	"Sullivan, NH"	69.64554085
34001	"Atlantic, NJ"	353.3198069
34003	"Bergen, NJ"	103.475135
34005	"Burlington, NJ"	153.5070589
34007	"Camden, NJ"	214.0541126
34009	"Cape May, NJ"	234.2820536
34011	"Cumberland, NJ"	280.430266
34013	"Essex, NJ"	362.5621307
34015	"Gloucester, NJ"	
34017	"Hudson, NJ"	211.5267414
34019	"Hunterdon, NJ"	60.33910577
34021	"Mercer, NJ"	166.9676901
34023	"Middlesex, NJ"	82.09752899
34025	"Monmouth, NJ"	76.81266818
34027	"Morris, NJ"	51.79457475
34029	"Ocean, NJ"	97.85900753
34031	"Passaic, NJ"	168.4144206
34033	"Salem, NJ"	487.6097122
34035	"Somerset, NJ"	66.86847693
34037	"Sussex, NJ"	127.1819656
34039	"Union, NJ"	71.45699182
34041	"Warren, NJ"	30.02101471
35001	"Bernalillo, NM"	283.8526836
35003	"Catron, NM"	228.5714286
35005	"Chaves, NM"	544.3792839
35006	"Cibola, NM"	
35007	"Colfax, NM"	85.47008547
35009	"Curry, NM"	457.2743957
35011	"De Baca, NM"	417.101147
35013	"Doa Ana, NM"	392.8905519
35015	"Eddy, NM"	291.7677856
35017	"Grant, NM"	229.11757
35019	"Guadalupe, NM"	361.1412062
35021	"Harding, NM"	
35023	"Hidalgo, NM"	1048.387097
35025	"Lea, NM"	219.4173
35027	"Lincoln, NM"	
35028	"Los Alamos, NM"	73.52941176
35029	"Luna, NM"	2269.898221
35031	"McKinley, NM"	45.70781821
35033	"Mora, NM"	317.651633
35035	"Otero, NM"	398.5954256
35037	"Quay, NM"	848.5362749
35039	"Rio Arriba, NM"	368.3241252
35041	"Roosevelt, NM"	661.7106446
35043	"Sandoval, NM"	291.8913032
35045	"San Juan, NM"	474.5273707
35047	"San Miguel, NM"	317.7937158
35049	"Santa Fe, NM"	490.8605912
35051	"Sierra, NM"	507.7983315
35053	"Socorro, NM"	1157.519051
35055	"Taos, NM"	416.9025683
35057	"Torrance, NM"	5753.621699
35059	"Union, NM"	344.2999235
35061	"Valencia, NM"	263.5675003
36001	"Albany, NY"	180.0887033
36003	"Allegany, NY"	240.2482565
36005	"Bronx, NY"	
36007	"Broome, NY"	312.0012191
36009	"Cattaraugus, NY"	176.286372
36011	"Cayuga, NY"	279.6308872
36013	"Chautauqua, NY"	269.312019
36015	"Chemung, NY"	205.8075138
36017	"Chenango, NY"	190.8844312
36019	"Clinton, NY"	265.8896376
36021	"Columbia, NY"	5.34031134
36023	"Cortland, NY"	114.3422232
36025	"Delaware, NY"	140.7332564
36027	"Dutchess, NY"	137.3563944
36029	"Erie, NY"	49.16167714
36031	"Essex, NY"	295.4334431
36033	"Franklin, NY"	236.6583836
36035	"Fulton, NY"	195.2043819
36037	"Genesee, NY"	105.0505051
36039	"Greene, NY"	107.5584238
36041	"Hamilton, NY"	38.47633705
36043	"Herkimer, NY"	51.85108369
36045	"Jefferson, NY"	117.1263194
36047	"Kings, NY"	
36049	"Lewis, NY"	144.5260749
36051	"Livingston, NY"	191.427771
36053	"Madison, NY"	136.3849465
36055	"Monroe, NY"	110.9759525
36057	"Montgomery, NY"	323.1330985
36059	"Nassau, NY"	104.0217968
36061	"New York, NY"	105.5855421
36063	"Niagara, NY"	199.3717216
36065	"Oneida, NY"	181.2994725
36067	"Onondaga, NY"	198.2861467
36069	"Ontario, NY"	207.1191864
36071	"Orange, NY"	123.0897952
36073	"Orleans, NY"	144.6748525
36075	"Oswego, NY"	153.2527905
36077	"Otsego, NY"	106.7398597
36079	"Putnam, NY"	117.7945241
36081	"Queens, NY"	
36083	"Rensselaer, NY"	190.2512629
36085	"Richmond, NY"	
36087	"Rockland, NY"	79.77904235
36089	"St. Lawrence, NY"	134.7746736
36091	"Saratoga, NY"	73.58937131
36093	"Schenectady, NY"	208.7558744
36095	"Schoharie, NY"	135.5285614
36097	"Schuyler, NY"	124.2236025
36099	"Seneca, NY"	271.08842
36101	"Steuben, NY"	204.4683822
36103	"Suffolk, NY"	120.8922709
36105	"Sullivan, NY"	208.1035523
36107	"Tioga, NY"	154.4325426
36109	"Tompkins, NY"	51.54911706
36111	"Ulster, NY"	199.0066676
36113	"Warren, NY"	200.3809712
36115	"Washington, NY"	140.2770472
36117	"Wayne, NY"	146.8069489
36119	"Westchester, NY"	133.0750175
36121	"Wyoming, NY"	112.3258949
36123	"Yates, NY"	204.2026217
37001	"Alamance, NC"	334.6248679
37003	"Alexander, NC"	459.6634757
37005	"Alleghany, NC"	350.984282
37007	"Anson, NC"	318.901018
37009	"Ashe, NC"	1040.960887
37011	"Avery, NC"	252.4593018
37013	"Beaufort, NC"	227.4665908
37015	"Bertie, NC"	277.7357857
37017	"Bladen, NC"	284.2162003
37019	"Brunswick, NC"	382.2389779
37021	"Buncombe, NC"	298.5608295
37023	"Burke, NC"	339.430511
37025	"Cabarrus, NC"	162.6929279
37027	"Caldwell, NC"	414.9060247
37029	"Camden, NC"	492.6312777
37031	"Carteret, NC"	239.2344498
37033	"Caswell, NC"	76.60167131
37035	"Catawba, NC"	262.6298395
37037	"Chatham, NC"	141.32802
37039	"Cherokee, NC"	700.9925558
37041	"Chowan, NC"	168.959691
37043	"Clay, NC"	571.0556371
37045	"Cleveland, NC"	377.0470581
37047	"Columbus, NC"	359.6403596
37049	"Craven, NC"	408.2958289
37051	"Cumberland, NC"	297.5350298
37053	"Currituck, NC"	84.82243836
37055	"Dare, NC"	256.4548379
37057	"Davidson, NC"	242.4971568
37059	"Davie, NC"	143.7760121
37061	"Duplin, NC"	350.2095742
37063	"Durham, NC"	197.7455188
37065	"Edgecombe, NC"	463.8565469
37067	"Forsyth, NC"	306.51341
37069	"Franklin, NC"	253.9567367
37071	"Gaston, NC"	291.9076336
37073	"Gates, NC"	
37075	"Graham, NC"	275.211323
37077	"Granville, NC"	238.6634845
37079	"Greene, NC"	
37081	"Guilford, NC"	216.0430281
37083	"Halifax, NC"	271.747818
37085	"Harnett, NC"	149.0397743
37087	"Haywood, NC"	96.13587203
37089	"Henderson, NC"	236.3548825
37091	"Hertford, NC"	110.8502869
37093	"Hoke, NC"	428.5832028
37095	"Hyde, NC"	
37097	"Iredell, NC"	167.772309
37099	"Jackson, NC"	145.5251031
37101	"Johnston, NC"	132.2850743
37103	"Jones, NC"	317.0894526
37105	"Lee, NC"	
37107	"Lenoir, NC"	501.2603946
37109	"Lincoln, NC"	195.9635178
37111	"McDowell, NC"	305.2521375
37113	"Macon, NC"	232.6640028
37115	"Madison, NC"	501.5263846
37117	"Martin, NC"	277.7126959
37119	"Mecklenburg, NC"	180.4834416
37121	"Mitchell, NC"	305.3121881
37123	"Montgomery, NC"	355.8929948
37125	"Moore, NC"	132.1808094
37127	"Nash, NC"	327.8688525
37129	"New Hanover, NC"	351.1005652
37131	"Northampton, NC"	400.374819
37133	"Onslow, NC"	194.9175433
37135	"Orange, NC"	125.1331984
37137	"Pamlico, NC"	1373.40223
37139	"Pasquotank, NC"	492.7010148
37141	"Pender, NC"	98.37057963
37143	"Perquimans, NC"	492.6754048
37145	"Person, NC"	514.6002872
37147	"Pitt, NC"	389.8792502
37149	"Polk, NC"	181.8496709
37151	"Randolph, NC"	272.6757122
37153	"Richmond, NC"	321.1802492
37155	"Robeson, NC"	333.8107695
37157	"Rockingham, NC"	187.259363
37159	"Rowan, NC"	277.6522956
37161	"Rutherford, NC"	398.1452259
37163	"Sampson, NC"	585.962165
37165	"Scotland, NC"	435.9998164
37167	"Stanly, NC"	190.7911473
37169	"Stokes, NC"	269.4207454
37171	"Surry, NC"	245.6398919
37173	"Swain, NC"	1071.750903
37175	"Transylvania, NC"	185.7297632
37177	"Tyrrell, NC"	186.4280388
37179	"Union, NC"	140.1586751
37181	"Vance, NC"	556.2378097
37183	"Wake, NC"	146.9755868
37185	"Warren, NC"	246.179966
37187	"Washington, NC"	
37189	"Watauga, NC"	172.5730397
37191	"Wayne, NC"	211.1019266
37193	"Wilkes, NC"	207.0636956
37195	"Wilson, NC"	449.1047195
37197	"Yadkin, NC"	122.8345123
37199	"Yancey, NC"	253.6640361
38001	"Adams, ND"	77.33952049
38003	"Barnes, ND"	249.3376967
38005	"Benson, ND"	519.8658411
38007	"Billings, ND"	169.9819168
38009	"Bottineau, ND"	38.41024273
38011	"Bowman, ND"	169.9383062
38013	"Burke, ND"	
38015	"Burleigh, ND"	288.7780956
38017	"Cass, ND"	225.5071905
38019	"Cavalier, ND"	
38021	"Dickey, ND"	
38023	"Divide, ND"	492.4901186
38025	"Dunn, ND"	169.9963676
38027	"Eddy, ND"	519.5195195
38029	"Emmons, ND"	288.961039
38031	"Foster, ND"	
38033	"Golden Valley, ND"	170.5202312
38035	"Grand Forks, ND"	260.1019927
38037	"Grant, ND"	237.6717866
38039	"Griggs, ND"	
38041	"Hettinger, ND"	170.3026038
38043	"Kidder, ND"	
38045	"LaMoure, ND"	
38047	"Logan, ND"	
38049	"McHenry, ND"	1121.535797
38051	"McIntosh, ND"	
38053	"McKenzie, ND"	
38055	"McLean, ND"	326.4417845
38057	"Mercer, ND"	237.4015748
38059	"Morton, ND"	152.0912548
38061	"Mountrail, ND"	59.64807635
38063	"Nelson, ND"	519.5599022
38065	"Oliver, ND"	
38067	"Pembina, ND"	168.3906663
38069	"Pierce, ND"	1121.379898
38071	"Ramsey, ND"	519.9246486
38073	"Ransom, ND"	
38075	"Renville, ND"	38.4351407
38077	"Richland, ND"	77.49685169
38079	"Rolette, ND"	59.06674542
38081	"Sargent, ND"	
38083	"Sheridan, ND"	
38085	"Sioux, ND"	224.2783124
38087	"Slope, ND"	170.678337
38089	"Stark, ND"	170.1498624
38091	"Steele, ND"	
38093	"Stutsman, ND"	320.465047
38095	"Towner, ND"	1121.52502
38097	"Traill, ND"	40.26575398
38099	"Walsh, ND"	234.7785256
38101	"Ward, ND"	187.3484682
38103	"Wells, ND"	1121.646623
38105	"Williams, ND"	492.4895026
39001	"Adams, OH"	213.2441934
39003	"Allen, OH"	167.6768298
39005	"Ashland, OH"	14.79246176
39007	"Ashtabula, OH"	184.5862328
39009	"Athens, OH"	158.5336197
39011	"Auglaize, OH"	120.3284258
39013	"Belmont, OH"	88.40293126
39015	"Brown, OH"	163.0612023
39017	"Butler, OH"	297.6473572
39019	"Carroll, OH"	5.956635692
39021	"Champaign, OH"	63.99127942
39023	"Clark, OH"	162.597738
39025	"Clermont, OH"	135.1818195
39027	"Clinton, OH"	293.6693803
39029	"Columbiana, OH"	88.26125331
39031	"Coshocton, OH"	147.8494624
39033	"Crawford, OH"	259.4237648
39035	"Cuyahoga, OH"	199.279166
39037	"Darke, OH"	63.99385659
39039	"Defiance, OH"	291.6962385
39041	"Delaware, OH"	105.4050188
39043	"Erie, OH"	289.1178644
39045	"Fairfield, OH"	198.7064212
39047	"Fayette, OH"	239.088129
39049	"Franklin, OH"	194.904527
39051	"Fulton, OH"	291.6807512
39053	"Gallia, OH"	150.2790897
39055	"Geauga, OH"	169.4827318
39057	"Greene, OH"	103.1636864
39059	"Guernsey, OH"	111.2576232
39061	"Hamilton, OH"	192.6363853
39063	"Hancock, OH"	63.37912987
39065	"Hardin, OH"	238.8088941
39067	"Harrison, OH"	127.8227524
39069	"Henry, OH"	291.6568047
39071	"Highland, OH"	138.576779
39073	"Hocking, OH"	158.4998326
39075	"Holmes, OH"	89.93479727
39077	"Huron, OH"	173.5075638
39079	"Jackson, OH"	259.7657207
39081	"Jefferson, OH"	55.74136009
39083	"Knox, OH"	122.8438348
39085	"Lake, OH"	97.89857979
39087	"Lawrence, OH"	60.74371435
39089	"Licking, OH"	187.9749014
39091	"Logan, OH"	146.9045121
39093	"Lorain, OH"	98.9099615
39095	"Lucas, OH"	176.2009772
39097	"Madison, OH"	63.98112141
39099	"Mahoning, OH"	256.3746266
39101	"Marion, OH"	238.835547
39103	"Medina, OH"	109.6844396
39105	"Meigs, OH"	85.85580627
39107	"Mercer, OH"	60.34760219
39109	"Miami, OH"	207.7312139
39111	"Monroe, OH"	
39113	"Montgomery, OH"	150.2660593
39115	"Morgan, OH"	158.5027213
39117	"Morrow, OH"	251.7779054
39119	"Muskingum, OH"	222.8839725
39121	"Noble, OH"	219.0313945
39123	"Ottawa, OH"	130.5483029
39125	"Paulding, OH"	42.83755997
39127	"Perry, OH"	158.5139051
39129	"Pickaway, OH"	139.0032949
39131	"Pike, OH"	150.2007578
39133	"Portage, OH"	104.0965585
39135	"Preble, OH"	148.1943686
39137	"Putnam, OH"	111.07355
39139	"Richland, OH"	300.4308811
39141	"Ross, OH"	130.0287639
39143	"Sandusky, OH"	59.24649234
39145	"Scioto, OH"	150.1907447
39147	"Seneca, OH"	257.3529412
39149	"Shelby, OH"	104.2752868
39151	"Stark, OH"	143.5909709
39153	"Summit, OH"	73.34004196
39155	"Trumbull, OH"	150.2789144
39157	"Tuscarawas, OH"	162.0774096
39159	"Union, OH"	63.96424168
39161	"Van Wert, OH"	
39163	"Vinton, OH"	158.4718783
39165	"Warren, OH"	84.11976552
39167	"Washington, OH"	85.86818758
39169	"Wayne, OH"	45.83269677
39171	"Williams, OH"	291.6811393
39173	"Wood, OH"	95.86754489
39175	"Wyandot, OH"	36.78363864
40001	"Adair, OK"	248.1932988
40003	"Alfalfa, OK"	190.4761905
40005	"Atoka, OK"	612.1247793
40007	"Beaver, OK"	316.6561115
40009	"Beckham, OK"	909.4138544
40011	"Blaine, OK"	561.5942029
40013	"Bryan, OK"	267.7693794
40015	"Caddo, OK"	403.8727524
40017	"Canadian, OK"	159.4015005
40019	"Carter, OK"	495.5434349
40021	"Cherokee, OK"	334.4903755
40023	"Choctaw, OK"	459.928711
40025	"Cimarron, OK"	
40027	"Cleveland, OK"	180.8756235
40029	"Coal, OK"	121.5805471
40031	"Comanche, OK"	364.6892133
40033	"Cotton, OK"	
40035	"Craig, OK"	683.3968183
40037	"Creek, OK"	427.9600571
40039	"Custer, OK"	279.7128985
40041	"Delaware, OK"	311.0419907
40043	"Dewey, OK"	485.4368932
40045	"Ellis, OK"	129.1433491
40047	"Garfield, OK"	460.3267522
40049	"Garvin, OK"	392.7545577
40051	"Grady, OK"	1152.591926
40053	"Grant, OK"	198.96538
40055	"Greer, OK"	311.6073747
40057	"Harmon, OK"	505.6890013
40059	"Harper, OK"	88.65248227
40061	"Haskell, OK"	365.8695936
40063	"Hughes, OK"	260.9108159
40065	"Jackson, OK"	
40067	"Jefferson, OK"	531.0229178
40069	"Johnston, OK"	449.1690373
40071	"Kay, OK"	573.6428219
40073	"Kingfisher, OK"	419.9959025
40075	"Kiowa, OK"	339.174675
40077	"Latimer, OK"	388.9789303
40079	"Le Flore, OK"	
40081	"Lincoln, OK"	387.0789365
40083	"Logan, OK"	417.0573211
40085	"Love, OK"	569.7541918
40087	"McClain, OK"	165.549862
40089	"McCurtain, OK"	287.2404757
40091	"McIntosh, OK"	286.2347125
40093	"Major, OK"	293.5862692
40095	"Marshall, OK"	412.1017188
40097	"Mayes, OK"	378.2708731
40099	"Murray, OK"	81.80437069
40101	"Muskogee, OK"	343.8262284
40103	"Noble, OK"	
40105	"Nowata, OK"	582.4020148
40107	"Okfuskee, OK"	326.5412748
40109	"Oklahoma, OK"	267.2459601
40111	"Okmulgee, OK"	692.5383219
40113	"Osage, OK"	122.7035686
40115	"Ottawa, OK"	491.9148045
40117	"Pawnee, OK"	398.4857541
40119	"Payne, OK"	254.6877938
40121	"Pittsburg, OK"	341.4489311
40123	"Pontotoc, OK"	550.4511216
40125	"Pottawatomie, OK"	677.3993012
40127	"Pushmataha, OK"	763.7085688
40129	"Roger Mills, OK"	234.741784
40131	"Rogers, OK"	148.1007758
40133	"Seminole, OK"	693.2065756
40135	"Sequoyah, OK"	533.7800982
40137	"Stephens, OK"	608.9489012
40139	"Texas, OK"	263.2964718
40141	"Tillman, OK"	560.4124636
40143	"Tulsa, OK"	267.6173431
40145	"Wagoner, OK"	205.8702429
40147	"Washington, OK"	519.0752181
40149	"Washita, OK"	634.1247604
40151	"Woods, OK"	
40153	"Woodward, OK"	433.4029874
41001	"Baker, OR"	360.0654664
41003	"Benton, OR"	47.718002
41005	"Clackamas, OR"	54.61802919
41007	"Clatsop, OR"	77.37731623
41009	"Columbia, OR"	315.852205
41011	"Coos, OR"	89.58448607
41013	"Crook, OR"	71.42857143
41015	"Curry, OR"	138.3914035
41017	"Deschutes, OR"	119.2130296
41019	"Douglas, OR"	85.59511952
41021	"Gilliam, OR"	323.5849057
41023	"Grant, OR"	235.3834472
41025	"Harney, OR"	140.3180543
41027	"Hood River, OR"	324.060646
41029	"Jackson, OR"	131.0694518
41031	"Jefferson, OR"	422.4872232
41033	"Josephine, OR"	114.8287468
41035	"Klamath, OR"	254.3471349
41037	"Lake, OR"	86.20689655
41039	"Lane, OR"	107.8366677
41041	"Lincoln, OR"	391.2307909
41043	"Linn, OR"	88.87776178
41045	"Malheur, OR"	311.6087462
41047	"Marion, OR"	161.9704291
41049	"Morrow, OR"	137.510879
41051	"Multnomah, OR"	149.2706292
41053	"Polk, OR"	270.9071679
41055	"Sherman, OR"	323.6763237
41057	"Tillamook, OR"	198.1083845
41059	"Umatilla, OR"	137.4648805
41061	"Union, OR"	92.68985973
41063	"Wallowa, OR"	
41065	"Wasco, OR"	324.0355346
41067	"Washington, OR"	73.0019129
41069	"Wheeler, OR"	236.1111111
41071	"Yamhill, OR"	143.0408461
42001	"Adams, PA"	236.7300509
42003	"Allegheny, PA"	248.1259173
42005	"Armstrong, PA"	281.0096628
42007	"Beaver, PA"	118.5559497
42009	"Bedford, PA"	250.1774908
42011	"Berks, PA"	313.0988292
42013	"Blair, PA"	295.9238454
42015	"Bradford, PA"	5.445584992
42017	"Bucks, PA"	180.5023164
42019	"Butler, PA"	218.2223899
42021	"Cambria, PA"	307.567388
42023	"Cameron, PA"	
42025	"Carbon, PA"	239.3643273
42027	"Centre, PA"	95.35838861
42029	"Chester, PA"	147.221308
42031	"Clarion, PA"	194.5061924
42033	"Clearfield, PA"	105.3329692
42035	"Clinton, PA"	380.0912219
42037	"Columbia, PA"	212.7871665
42039	"Crawford, PA"	193.3872815
42041	"Cumberland, PA"	99.6126176
42043	"Dauphin, PA"	550.6243587
42045	"Delaware, PA"	693.1041008
42047	"Elk, PA"	255.8499014
42049	"Erie, PA"	108.3627529
42051	"Fayette, PA"	269.3651718
42053	"Forest, PA"	166.6990103
42055	"Franklin, PA"	168.5468162
42057	"Fulton, PA"	168.4969495
42059	"Greene, PA"	101.1122346
42061	"Huntingdon, PA"	102.6975216
42063	"Indiana, PA"	95.56954036
42065	"Jefferson, PA"	334.8961822
42067	"Juniata, PA"	124.4922029
42069	"Lackawanna, PA"	345.7996617
42071	"Lancaster, PA"	166.0831181
42073	"Lawrence, PA"	225.424079
42075	"Lebanon, PA"	194.6460876
42077	"Lehigh, PA"	441.5335624
42079	"Luzerne, PA"	187.3874937
42081	"Lycoming, PA"	197.4320033
42083	"McKean, PA"	234.68847
42085	"Mercer, PA"	321.0665745
42087	"Mifflin, PA"	180.4207412
42089	"Monroe, PA"	179.0368869
42091	"Montgomery, PA"	254.0020746
42093	"Montour, PA"	105.969622
42095	"Northampton, PA"	173.135628
42097	"Northumberland, PA"	245.398773
42099	"Perry, PA"	250.9495388
42101	"Philadelphia, PA"	378.847745
42103	"Pike, PA"	605.3919489
42105	"Potter, PA"	242.9887618
42107	"Schuylkill, PA"	93.18113748
42109	"Snyder, PA"	123.5807523
42111	"Somerset, PA"	
42113	"Sullivan, PA"	212.7494169
42115	"Susquehanna, PA"	
42117	"Tioga, PA"	147.2402404
42119	"Union, PA"	39.82477101
42121	"Venango, PA"	369.6448882
42123	"Warren, PA"	166.6666667
42125	"Washington, PA"	206.80479
42127	"Wayne, PA"	115.3330632
42129	"Westmoreland, PA"	227.966303
42131	"Wyoming, PA"	281.079815
42133	"York, PA"	515.8052003
44001	"Bristol, RI"	
44003	"Kent, RI"	
44005	"Newport, RI"	
44007	"Providence, RI"	
44009	"Washington, RI"	
45001	"Abbeville, SC"	296.1110746
45003	"Aiken, SC"	245.1165246
45005	"Allendale, SC"	434.0277778
45007	"Anderson, SC"	224.6177938
45009	"Bamberg, SC"	355.5950661
45011	"Barnwell, SC"	321.2237094
45013	"Beaufort, SC"	147.3067872
45015	"Berkeley, SC"	27.9947561
45017	"Calhoun, SC"	346.9548576
45019	"Charleston, SC"	342.9729232
45021	"Cherokee, SC"	423.5319835
45023	"Chester, SC"	
45025	"Chesterfield, SC"	220.0446966
45027	"Clarendon, SC"	228.5547559
45029	"Colleton, SC"	381.1503812
45031	"Darlington, SC"	385.8061443
45033	"Dillon, SC"	851.7976589
45035	"Dorchester, SC"	215.4989083
45037	"Edgefield, SC"	138.320239
45039	"Fairfield, SC"	249.5543672
45041	"Florence, SC"	255.5706413
45043	"Georgetown, SC"	336.3322963
45045	"Greenville, SC"	316.5693221
45047	"Greenwood, SC"	447.2049689
45049	"Hampton, SC"	257.7319588
45051	"Horry, SC"	353.0885759
45053	"Jasper, SC"	124.9185314
45055	"Kershaw, SC"	314.3581246
45057	"Lancaster, SC"	169.8351905
45059	"Laurens, SC"	556.157798
45061	"Lee, SC"	231.9112781
45063	"Lexington, SC"	361.8472432
45065	"McCormick, SC"	191.791331
45067	"Marion, SC"	78.81876938
45069	"Marlboro, SC"	283.9921178
45071	"Newberry, SC"	229.2621926
45073	"Oconee, SC"	272.7618725
45075	"Orangeburg, SC"	346.9573115
45077	"Pickens, SC"	252.6803004
45079	"Richland, SC"	284.3855019
45081	"Saluda, SC"	149.0897677
45083	"Spartanburg, SC"	337.5652003
45085	"Sumter, SC"	231.9266434
45087	"Union, SC"	175.5412522
45089	"Williamsburg, SC"	546.6204142
45091	"York, SC"	205.1869481
46003	"Aurora, SD"	
46005	"Beadle, SD"	17.68815778
46007	"Bennett, SD"	
46009	"Bon Homme, SD"	
46011	"Brookings, SD"	16.05394124
46013	"Brown, SD"	126.1887345
46015	"Brule, SD"	225.8064516
46017	"Buffalo, SD"	
46019	"Butte, SD"	163.2153921
46021	"Campbell, SD"	224.137931
46023	"Charles Mix, SD"	423.0402441
46025	"Clark, SD"	97.69008662
46027	"Clay, SD"	19.69770843
46029	"Codington, SD"	97.86671267
46031	"Corson, SD"	
46033	"Custer, SD"	
46035	"Davison, SD"	160.8791568
46037	"Day, SD"	64.62035541
46039	"Deuel, SD"	97.78305622
46041	"Dewey, SD"	29.35995302
46043	"Douglas, SD"	423.0769231
46045	"Edmunds, SD"	44.2282176
46047	"Fall River, SD"	259.4033722
46049	"Faulk, SD"	
46051	"Grant, SD"	
46053	"Gregory, SD"	
46055	"Haakon, SD"	479.4776119
46057	"Hamlin, SD"	97.86276715
46059	"Hand, SD"	
46061	"Hanson, SD"	
46063	"Harding, SD"	
46065	"Hughes, SD"	876.072276
46067	"Hutchinson, SD"	
46069	"Hyde, SD"	
46071	"Jackson, SD"	
46073	"Jerauld, SD"	
46075	"Jones, SD"	
46077	"Kingsbury, SD"	
46079	"Lake, SD"	87.21654622
46081	"Lawrence, SD"	61.33464181
46083	"Lincoln, SD"	266.1478599
46085	"Lyman, SD"	
46087	"McCook, SD"	
46089	"McPherson, SD"	
46091	"Marshall, SD"	130.9328969
46093	"Meade, SD"	163.2289417
46095	"Mellette, SD"	479.184367
46097	"Miner, SD"	
46099	"Minnehaha, SD"	266.1399297
46101	"Moody, SD"	
46102	"Oglala Lakota, SD"	
46103	"Pennington, SD"	830.8351178
46105	"Perkins, SD"	163.507109
46107	"Potter, SD"	
46109	"Roberts, SD"	582.3912299
46111	"Sanborn, SD"	
46115	"Spink, SD"	126.146789
46117	"Stanley, SD"	
46119	"Sully, SD"	876.0951189
46121	"Todd, SD"	479.4638254
46123	"Tripp, SD"	479.3491865
46125	"Turner, SD"	19.6747641
46127	"Union, SD"	227.7668496
46129	"Walworth, SD"	224.2519685
46135	"Yankton, SD"	
46137	"Ziebach, SD"	3093.333333
47001	"Anderson, TN"	258.7538083
47003	"Bedford, TN"	306.591722
47005	"Benton, TN"	743.5712073
47007	"Bledsoe, TN"	322.1397891
47009	"Blount, TN"	269.0819979
47011	"Bradley, TN"	576.2526292
47013	"Campbell, TN"	348.3332658
47015	"Cannon, TN"	
47017	"Carroll, TN"	103.7882719
47019	"Carter, TN"	303.6181159
47021	"Cheatham, TN"	155.1762359
47023	"Chester, TN"	178.2213509
47025	"Claiborne, TN"	512.6452495
47027	"Clay, TN"	132.1877065
47029	"Cocke, TN"	422.4719101
47031	"Coffee, TN"	674.999285
47033	"Crockett, TN"	135.455469
47035	"Cumberland, TN"	562.9493652
47037	"Davidson, TN"	272.4160205
47039	"Decatur, TN"	415.2942861
47041	"DeKalb, TN"	435.8655044
47043	"Dickson, TN"	164.5116601
47045	"Dyer, TN"	166.5527844
47047	"Fayette, TN"	288.8932266
47049	"Fentress, TN"	368.572456
47051	"Franklin, TN"	220.5277715
47053	"Gibson, TN"	524.0261024
47055	"Giles, TN"	335.9887281
47057	"Grainger, TN"	657.039217
47059	"Greene, TN"	812.445183
47061	"Grundy, TN"	450.6150286
47063	"Hamblen, TN"	336.6086677
47065	"Hamilton, TN"	573.5871354
47067	"Hancock, TN"	668.8134754
47069	"Hardeman, TN"	602.3370678
47071	"Hardin, TN"	646.1617989
47073	"Hawkins, TN"	295.8996759
47075	"Haywood, TN"	496.0044089
47077	"Henderson, TN"	200.2173789
47079	"Henry, TN"	381.9354839
47081	"Hickman, TN"	280.6760632
47083	"Houston, TN"	215.1799687
47085	"Humphreys, TN"	329.004329
47087	"Jackson, TN"	312.7124405
47089	"Jefferson, TN"	372.9401561
47091	"Johnson, TN"	399.2193045
47093	"Knox, TN"	414.2059444
47095	"Lake, TN"	259.0673575
47097	"Lauderdale, TN"	500.0294135
47099	"Lawrence, TN"	759.9629286
47101	"Lewis, TN"	175.0841751
47103	"Lincoln, TN"	206.8349551
47105	"Loudon, TN"	311.5877858
47107	"McMinn, TN"	514.8809524
47109	"McNairy, TN"	219.9597788
47111	"Macon, TN"	259.4538496
47113	"Madison, TN"	424.9021293
47115	"Marion, TN"	228.9991063
47117	"Marshall, TN"	146.8091939
47119	"Maury, TN"	329.1910131
47121	"Meigs, TN"	327.267967
47123	"Monroe, TN"	259.2579617
47125	"Montgomery, TN"	224.5503629
47127	"Moore, TN"	197.141449
47129	"Morgan, TN"	250.1215869
47131	"Obion, TN"	539.501095
47133	"Overton, TN"	342.3410299
47135	"Perry, TN"	308.2614057
47137	"Pickett, TN"	135.5472721
47139	"Polk, TN"	364.8269411
47141	"Putnam, TN"	94.08060212
47143	"Rhea, TN"	511.0404011
47145	"Roane, TN"	281.4855171
47147	"Robertson, TN"	475.0440652
47149	"Rutherford, TN"	220.9373803
47151	"Scott, TN"	808.239754
47153	"Sequatchie, TN"	534.7021709
47155	"Sevier, TN"	549.8581011
47157	"Shelby, TN"	373.5466395
47159	"Smith, TN"	217.7801976
47161	"Stewart, TN"	164.4157369
47163	"Sullivan, TN"	633.5807993
47165	"Sumner, TN"	313.5132459
47167	"Tipton, TN"	230.4147465
47169	"Trousdale, TN"	113.2217889
47171	"Unicoi, TN"	346.178373
47173	"Union, TN"	79.63685594
47175	"Van Buren, TN"	143.307538
47177	"Warren, TN"	638.3719581
47179	"Washington, TN"	409.0678675
47181	"Wayne, TN"	516.3043478
47183	"Weakley, TN"	141.7207644
47185	"White, TN"	317.308268
47187	"Williamson, TN"	127.1223103
47189	"Wilson, TN"	253.2839192
48001	"Anderson, TX"	277.9087368
48003	"Andrews, TX"	259.1344908
48005	"Angelina, TX"	414.3493794
48007	"Aransas, TX"	1301.730625
48009	"Archer, TX"	239.7147559
48011	"Armstrong, TX"	187.2659176
48013	"Atascosa, TX"	311.0222476
48015	"Austin, TX"	255.2128584
48017	"Bailey, TX"	717.3601148
48019	"Bandera, TX"	428.4553446
48021	"Bastrop, TX"	487.9981272
48023	"Baylor, TX"	239.588437
48025	"Bee, TX"	306.2653133
48027	"Bell, TX"	110.1959086
48029	"Bexar, TX"	276.739364
48031	"Blanco, TX"	153.8891998
48033	"Borden, TX"	117.8010471
48035	"Bosque, TX"	195.6217979
48037	"Bowie, TX"	753.9444777
48039	"Brazoria, TX"	212.5715032
48041	"Brazos, TX"	255.0362151
48043	"Brewster, TX"	830.2420067
48045	"Briscoe, TX"	
48047	"Brooks, TX"	15507.10436
48049	"Brown, TX"	631.6853365
48051	"Burleson, TX"	559.6517722
48053	"Burnet, TX"	1582.245248
48055	"Caldwell, TX"	348.4563384
48057	"Calhoun, TX"	238.96647
48059	"Callahan, TX"	58.45902023
48061	"Cameron, TX"	345.9703279
48063	"Camp, TX"	129.9207483
48065	"Carson, TX"	681.5703381
48067	"Cass, TX"	346.7755467
48069	"Castro, TX"	237.2735116
48071	"Chambers, TX"	144.6549978
48073	"Cherokee, TX"	229.3222598
48075	"Childress, TX"	1303.650221
48077	"Clay, TX"	328.7413901
48079	"Cochran, TX"	57.57052389
48081	"Coke, TX"	
48083	"Coleman, TX"	41.12687641
48085	"Collin, TX"	103.4461508
48087	"Collingsworth, TX"	228.4408909
48089	"Colorado, TX"	424.2036177
48091	"Comal, TX"	208.6926894
48093	"Comanche, TX"	374.8222825
48095	"Concho, TX"	268.1672026
48097	"Cooke, TX"	151.4125194
48099	"Coryell, TX"	140.7058108
48101	"Cottle, TX"	
48103	"Crane, TX"	98.74917709
48105	"Crockett, TX"	465.5493482
48107	"Crosby, TX"	291.8004085
48109	"Culberson, TX"	
48111	"Dallam, TX"	242.0254294
48113	"Dallas, TX"	225.5104391
48115	"Dawson, TX"	249.4387628
48117	"Deaf Smith, TX"	356.6147691
48119	"Delta, TX"	187.7934272
48121	"Denton, TX"	130.7673246
48123	"DeWitt, TX"	483.9880616
48125	"Dickens, TX"	15221.26437
48127	"Dimmit, TX"	1056.105611
48129	"Donley, TX"	452.2613065
48131	"Duval, TX"	175.515577
48133	"Eastland, TX"	585.7438947
48135	"Ector, TX"	429.688619
48137	"Edwards, TX"	100.7049345
48139	"Ellis, TX"	392.8568378
48141	"El Paso, TX"	261.739519
48143	"Erath, TX"	246.5162461
48145	"Falls, TX"	269.010043
48147	"Fannin, TX"	2007.728868
48149	"Fayette, TX"	81.63820668
48151	"Fisher, TX"	226.8602541
48153	"Floyd, TX"	
48155	"Foard, TX"	
48157	"Fort Bend, TX"	544.9460892
48159	"Franklin, TX"	723.2704403
48161	"Freestone, TX"	385.4986877
48163	"Frio, TX"	352.9930872
48165	"Gaines, TX"	133.5847871
48167	"Galveston, TX"	375.6563828
48169	"Garza, TX"	935.6665992
48171	"Gillespie, TX"	27.66443046
48173	"Glasscock, TX"	
48175	"Goliad, TX"	307.9630444
48177	"Gonzales, TX"	512.0529384
48179	"Gray, TX"	360.1352345
48181	"Grayson, TX"	330.4897691
48183	"Gregg, TX"	638.4399969
48185	"Grimes, TX"	318.1743376
48187	"Guadalupe, TX"	232.6230576
48189	"Hale, TX"	258.3502491
48191	"Hall, TX"	449.6908375
48193	"Hamilton, TX"	269.0954254
48195	"Hansford, TX"	89.79347501
48197	"Hardeman, TX"	127.6595745
48199	"Hardin, TX"	450.1125281
48201	"Harris, TX"	209.5091608
48203	"Harrison, TX"	573.4939759
48205	"Hartley, TX"	241.8715305
48207	"Haskell, TX"	8960.422879
48209	"Hays, TX"	140.856847
48211	"Hemphill, TX"	35.11777302
48213	"Henderson, TX"	784.0844957
48215	"Hidalgo, TX"	174.8862585
48217	"Hill, TX"	457.8335317
48219	"Hockley, TX"	393.7275134
48221	"Hood, TX"	280.3925496
48223	"Hopkins, TX"	366.4135617
48225	"Houston, TX"	534.8346235
48227	"Howard, TX"	225.9036145
48229	"Hudspeth, TX"	3188.496405
48231	"Hunt, TX"	345.9929192
48233	"Hutchinson, TX"	370.7066122
48235	"Irion, TX"	421.9088937
48237	"Jack, TX"	295.8579882
48239	"Jackson, TX"	475.7163403
48241	"Jasper, TX"	405.3431598
48243	"Jeff Davis, TX"	
48245	"Jefferson, TX"	397.839784
48247	"Jim Hogg, TX"	200.6018054
48249	"Jim Wells, TX"	219.8856595
48251	"Johnson, TX"	565.0229909
48253	"Jones, TX"	157.8985143
48255	"Karnes, TX"	
48257	"Kaufman, TX"	435.0840286
48259	"Kendall, TX"	136.822902
48261	"Kenedy, TX"	353.5714286
48263	"Kent, TX"	935.1620948
48265	"Kerr, TX"	689.0960681
48267	"Kimble, TX"	567.7210057
48269	"King, TX"	15224.24242
48271	"Kinney, TX"	1223.776224
48273	"Kleberg, TX"	354.2843466
48275	"Knox, TX"	189.0359168
48277	"Lamar, TX"	270.0477523
48279	"Lamb, TX"	494.6727549
48281	"Lampasas, TX"	196.1968005
48283	"La Salle, TX"	
48285	"Lavaca, TX"	191.4541815
48287	"Lee, TX"	182.7652381
48289	"Leon, TX"	193.364543
48291	"Liberty, TX"	217.2480724
48293	"Limestone, TX"	903.8619556
48295	"Lipscomb, TX"	98.13542689
48297	"Live Oak, TX"	542.0146138
48299	"Llano, TX"	316.1127168
48301	"Loving, TX"	1408.163265
48303	"Lubbock, TX"	564.9255347
48305	"Lynn, TX"	1238.041643
48307	"McCulloch, TX"	336.3464368
48309	"McLennan, TX"	748.7315004
48311	"McMullen, TX"	543.0463576
48313	"Madison, TX"	175.965221
48315	"Marion, TX"	479.6984752
48317	"Martin, TX"	111.4516578
48319	"Mason, TX"	
48321	"Matagorda, TX"	528.7243969
48323	"Maverick, TX"	49.37865196
48325	"Medina, TX"	191.5941853
48327	"Menard, TX"	175.1313485
48329	"Midland, TX"	354.5721141
48331	"Milam, TX"	446.1313091
48333	"Mills, TX"	148.6988848
48335	"Mitchell, TX"	663.3499171
48337	"Montague, TX"	448.7400759
48339	"Montgomery, TX"	194.8851737
48341	"Moore, TX"	195.3125
48343	"Morris, TX"	178.1798246
48345	"Motley, TX"	
48347	"Nacogdoches, TX"	
48349	"Navarro, TX"	721.4243166
48351	"Newton, TX"	1768.488746
48353	"Nolan, TX"	350.9169119
48355	"Nueces, TX"	211.4853462
48357	"Ochiltree, TX"	403.8772213
48359	"Oldham, TX"	275.4820937
48361	"Orange, TX"	194.902265
48363	"Palo Pinto, TX"	458.819531
48365	"Panola, TX"	244.7381302
48367	"Parker, TX"	408.908114
48369	"Parmer, TX"	
48371	"Pecos, TX"	299.9806464
48373	"Polk, TX"	668.0338056
48375	"Potter, TX"	599.7840257
48377	"Presidio, TX"	2015.380536
48379	"Rains, TX"	278.6291446
48381	"Randall, TX"	202.0133622
48383	"Reagan, TX"	710.4053489
48385	"Real, TX"	
48387	"Red River, TX"	361.2114476
48389	"Reeves, TX"	257.6370997
48391	"Refugio, TX"	924.1245136
48393	"Roberts, TX"	34.02646503
48395	"Robertson, TX"	76.51109411
48397	"Rockwall, TX"	315.3808831
48399	"Runnels, TX"	268.3201804
48401	"Rusk, TX"	217.452697
48403	"Sabine, TX"	261.5062762
48405	"San Augustine, TX"	338.9830508
48407	"San Jacinto, TX"	294.1176471
48409	"San Patricio, TX"	461.5640837
48411	"San Saba, TX"	27.59381898
48413	"Schleicher, TX"	402.9936672
48415	"Scurry, TX"	116.809382
48417	"Shackelford, TX"	554.9949546
48419	"Shelby, TX"	179.9254595
48421	"Sherman, TX"	
48423	"Smith, TX"	290.1987275
48425	"Somervell, TX"	474.9340369
48427	"Starr, TX"	
48429	"Stephens, TX"	391.3561341
48431	"Sterling, TX"	160.5392157
48433	"Stonewall, TX"	263.1578947
48435	"Sutton, TX"	85.4335754
48437	"Swisher, TX"	283.7808339
48439	"Tarrant, TX"	180.8000276
48441	"Taylor, TX"	467.3159663
48443	"Terrell, TX"	228.8329519
48445	"Terry, TX"	859.5609627
48447	"Throckmorton, TX"	8960.807601
48449	"Titus, TX"	428.9729303
48451	"Tom Green, TX"	422.318669
48453	"Travis, TX"	198.8100372
48455	"Trinity, TX"	47.70992366
48457	"Tyler, TX"	217.0171369
48459	"Upshur, TX"	578.6901271
48461	"Upton, TX"	1286.601597
48463	"Uvalde, TX"	515.4639175
48465	"Val Verde, TX"	3898.416887
48467	"Van Zandt, TX"	444.2366144
48469	"Victoria, TX"	605.9766612
48471	"Walker, TX"	170.8671508
48473	"Waller, TX"	191.6666667
48475	"Ward, TX"	357.3883162
48477	"Washington, TX"	416.1346763
48479	"Webb, TX"	265.0049724
48481	"Wharton, TX"	471.6981132
48483	"Wheeler, TX"	64.66214032
48485	"Wichita, TX"	456.5584623
48487	"Wilbarger, TX"	
48489	"Willacy, TX"	364.4519204
48491	"Williamson, TX"	123.4826343
48493	"Wilson, TX"	
48495	"Winkler, TX"	1405.283637
48497	"Wise, TX"	382.2751024
48499	"Wood, TX"	405.295866
48501	"Yoakum, TX"	173.2435034
48503	"Young, TX"	631.5007429
48505	"Zapata, TX"	993.4171155
48507	"Zavala, TX"	272.7024816
49001	"Beaver, UT"	129.8364061
49003	"Box Elder, UT"	87.13680478
49005	"Cache, UT"	158.306244
49007	"Carbon, UT"	273.6859052
49009	"Daggett, UT"	
49011	"Davis, UT"	211.4574786
49013	"Duchesne, UT"	184.8584153
49015	"Emery, UT"	118.2632201
49017	"Garfield, UT"	100.9761023
49019	"Grand, UT"	354.8387097
49021	"Iron, UT"	270.9211318
49023	"Juab, UT"	189.0359168
49025	"Kane, UT"	113.507378
49027	"Millard, UT"	134.4989913
49029	"Morgan, UT"	192.9238055
49031	"Piute, UT"	204.3984476
49033	"Rich, UT"	
49035	"Salt Lake, UT"	287.4313402
49037	"San Juan, UT"	203.0999466
49039	"Sanpete, UT"	59.62732919
49041	"Sevier, UT"	204.7109871
49043	"Summit, UT"	84.35259384
49045	"Tooele, UT"	201.884253
49047	"Uintah, UT"	271.9520627
49049	"Utah, UT"	99.36824822
49051	"Wasatch, UT"	135.1742783
49053	"Washington, UT"	193.1606811
49055	"Wayne, UT"	
49057	"Weber, UT"	192.95211
50001	"Addison, VT"	
50003	"Bennington, VT"	
50005	"Caledonia, VT"	
50007	"Chittenden, VT"	
50009	"Essex, VT"	
50011	"Franklin, VT"	
50013	"Grand Isle, VT"	
50015	"Lamoille, VT"	
50017	"Orange, VT"	
50019	"Orleans, VT"	
50021	"Rutland, VT"	
50023	"Washington, VT"	
50025	"Windham, VT"	
50027	"Windsor, VT"	
51001	"Accomack, VA"	468.2378648
51003	"Albemarle, VA"	225.4827128
51005	"Alleghany, VA"	466.3189435
51007	"Amelia, VA"	1281.650932
51009	"Amherst, VA"	402.2936243
51011	"Appomattox, VA"	402.311784
51013	"Arlington, VA"	88.85435473
51015	"Augusta, VA"	272.5261884
51017	"Bath, VA"	466.329311
51019	"Bedford, VA"	402.3081595
51021	"Bland, VA"	350.7609229
51023	"Botetourt, VA"	142.2162188
51025	"Brunswick, VA"	549.1297024
51027	"Buchanan, VA"	622.5899387
51029	"Buckingham, VA"	
51031	"Campbell, VA"	402.2884588
51033	"Caroline, VA"	
51035	"Carroll, VA"	350.6580043
51036	"Charles City, VA"	2435.663858
51037	"Charlotte, VA"	318.4713376
51041	"Chesterfield, VA"	91.27992802
51043	"Clarke, VA"	345.4844007
51045	"Craig, VA"	142.3622047
51047	"Culpeper, VA"	181.6365453
51049	"Cumberland, VA"	1281.697089
51051	"Dickenson, VA"	622.5741691
51053	"Dinwiddie, VA"	549.1503891
51057	"Essex, VA"	542.4458296
51059	"Fairfax, VA"	49.05774187
51061	"Fauquier, VA"	345.4362299
51063	"Floyd, VA"	350.6897625
51065	"Fluvanna, VA"	248.3729112
51067	"Franklin, VA"	601.8312661
51069	"Frederick, VA"	345.445186
51071	"Giles, VA"	350.6894224
51073	"Gloucester, VA"	240.0761621
51075	"Goochland, VA"	222.2672065
51077	"Grayson, VA"	350.727029
51079	"Greene, VA"	248.4071296
51081	"Greensville, VA"	183.9853301
51083	"Halifax, VA"	402.3028438
51085	"Hanover, VA"	196.6625213
51087	"Henrico, VA"	222.262693
51089	"Henry, VA"	293.1882594
51091	"Highland, VA"	272.5779967
51093	"Isle of Wight, VA"	129.511047
51095	"James City, VA"	250.1344206
51097	"King and Queen, VA"	542.4421244
51099	"King George, VA"	466.4015905
51101	"King William, VA"	
51103	"Lancaster, VA"	347.3491773
51105	"Lee, VA"	622.5618339
51107	"Loudoun, VA"	63.99473415
51109	"Louisa, VA"	248.3514601
51111	"Lunenburg, VA"	1281.70326
51113	"Madison, VA"	248.3435583
51115	"Mathews, VA"	542.5255153
51117	"Mecklenburg, VA"	549.1396426
51119	"Middlesex, VA"	542.5656464
51121	"Montgomery, VA"	59.63837458
51125	"Nelson, VA"	236.7450438
51127	"New Kent, VA"	222.2896031
51131	"Northampton, VA"	462.2725917
51133	"Northumberland, VA"	1335.939994
51135	"Nottoway, VA"	1281.642416
51137	"Orange, VA"	248.3654395
51139	"Page, VA"	66.9702652
51141	"Patrick, VA"	200.6305532
51143	"Pittsylvania, VA"	105.4991428
51145	"Powhatan, VA"	
51147	"Prince Edward, VA"	1281.692767
51149	"Prince George, VA"	
51153	"Prince William, VA"	157.3481111
51155	"Pulaski, VA"	350.7017791
51157	"Rappahannock, VA"	443.2107333
51159	"Richmond, VA"	1335.894809
51161	"Roanoke, VA"	601.8244827
51163	"Rockbridge, VA"	237.3655518
51165	"Rockingham, VA"	394.3002147
51167	"Russell, VA"	622.5653207
51169	"Scott, VA"	622.6057991
51171	"Shenandoah, VA"	443.1723721
51173	"Smyth, VA"	622.5820017
51175	"Southampton, VA"	357.8910615
51177	"Spotsylvania, VA"	466.3851716
51179	"Stafford, VA"	466.3887696
51181	"Surry, VA"	2435.612467
51183	"Sussex, VA"	128.2051282
51185	"Tazewell, VA"	622.5803903
51187	"Warren, VA"	443.1770655
51191	"Washington, VA"	622.5734968
51193	"Westmoreland, VA"	1335.908441
51195	"Wise, VA"	622.57715
51197	"Wythe, VA"	350.7109005
51199	"York, VA"	250.1427104
51510	"Alexandria, VA"	173.5932075
51520	"Bristol, VA"	914.57482
51530	"Buena Vista, VA"	237.406604
51540	"Charlottesville, VA"	
51550	"Chesapeake, VA"	329.1359257
51570	"Colonial Heights, VA"	2435.602191
51580	"Covington, VA"	225.4400909
51590	"Danville, VA"	411.0251451
51595	"Emporia, VA"	184.0965347
51600	"Fairfax, VA"	
51610	"Falls Church, VA"	88.80511048
51620	"Franklin, VA"	129.5838484
51630	"Fredericksburg, VA"	466.3727105
51640	"Galax, VA"	350.5674653
51650	"Hampton, VA"	223.16472
51660	"Harrisonburg, VA"	
51670	"Hopewell, VA"	2435.623844
51678	"Lexington, VA"	237.3783734
51680	"Lynchburg, VA"	402.2954162
51683	"Manassas, VA"	157.3516146
51685	"Manassas Park, VA"	157.3130585
51690	"Martinsville, VA"	518.5377236
51700	"Newport News, VA"	256.2801108
51710	"Norfolk, VA"	361.3379764
51720	"Norton, VA"	622.57564
51730	"Petersburg, VA"	2435.629715
51735	"Poquoson, VA"	250.0980008
51740	"Portsmouth, VA"	1178.014713
51750	"Radford, VA"	350.7099391
51760	"Richmond, VA"	265.9331142
51770	"Roanoke, VA"	626.2395952
51775	"Salem, VA"	
51790	"Staunton, VA"	2292.097107
51800	"Suffolk, VA"	129.5096822
51810	"Virginia Beach, VA"	220.6608595
51820	"Waynesboro, VA"	272.5645981
51830	"Williamsburg, VA"	250.1356484
51840	"Winchester, VA"	345.4525543
53001	"Adams, WA"	206.9143892
53003	"Asotin, WA"	29.47678703
53005	"Benton, WA"	77.38593471
53007	"Chelan, WA"	217.6227085
53009	"Clallam, WA"	222.4745661
53011	"Clark, WA"	119.4547993
53013	"Columbia, WA"	217.3913043
53015	"Cowlitz, WA"	270.2223797
53017	"Douglas, WA"	217.6371695
53019	"Ferry, WA"	335.3454058
53021	"Franklin, WA"	103.6044316
53023	"Garfield, WA"	548.1597494
53025	"Grant, WA"	272.1974517
53027	"Grays Harbor, WA"	180.7600741
53029	"Island, WA"	61.49231346
53031	"Jefferson, WA"	218.2247125
53033	"King, WA"	154.0258029
53035	"Kitsap, WA"	150.3793661
53037	"Kittitas, WA"	
53039	"Klickitat, WA"	285.3281273
53041	"Lewis, WA"	274.6745926
53043	"Lincoln, WA"	147.1309465
53045	"Mason, WA"	260.3579922
53047	"Okanogan, WA"	
53049	"Pacific, WA"	161.5639389
53051	"Pend Oreille, WA"	151.0574018
53053	"Pierce, WA"	131.6509947
53055	"San Juan, WA"	61.48662876
53057	"Skagit, WA"	260.7461943
53059	"Skamania, WA"	196.5923984
53061	"Snohomish, WA"	102.4411508
53063	"Spokane, WA"	178.0787709
53065	"Stevens, WA"	131.0763239
53067	"Thurston, WA"	94.18577741
53069	"Wahkiakum, WA"	124.6882793
53071	"Walla Walla, WA"	172.6589478
53073	"Whatcom, WA"	216.8271187
53075	"Whitman, WA"	41.66992213
53077	"Yakima, WA"	665.1468245
54001	"Barbour, WV"	349.7527577
54003	"Berkeley, WV"	296.3269208
54005	"Boone, WV"	274.3247168
54007	"Braxton, WV"	322.4608241
54009	"Brooke, WV"	210.4841062
54011	"Cabell, WV"	260.2360966
54013	"Calhoun, WV"	322.3729593
54015	"Clay, WV"	322.3547227
54017	"Doddridge, WV"	237.7861907
54019	"Fayette, WV"	243.8024301
54021	"Gilmer, WV"	322.4150142
54023	"Grant, WV"	208.9466089
54025	"Greenbrier, WV"	243.8041985
54027	"Hampshire, WV"	209.0062962
54029	"Hancock, WV"	210.4734256
54031	"Hardy, WV"	209.0563347
54033	"Harrison, WV"	237.7597663
54035	"Jackson, WV"	307.1448585
54037	"Jefferson, WV"	296.3230765
54039	"Kanawha, WV"	307.129815
54041	"Lewis, WV"	322.4043716
54043	"Lincoln, WV"	260.2279825
54045	"Logan, WV"	274.3216252
54047	"McDowell, WV"	
54049	"Marion, WV"	237.7721943
54051	"Marshall, WV"	210.4765904
54053	"Mason, WV"	260.2424242
54055	"Mercer, WV"	243.7837236
54057	"Mineral, WV"	209.026697
54059	"Mingo, WV"	274.2876299
54061	"Monongalia, WV"	237.7666168
54063	"Monroe, WV"	243.7436159
54065	"Morgan, WV"	296.3162624
54067	"Nicholas, WV"	322.4451703
54069	"Ohio, WV"	210.4859433
54071	"Pendleton, WV"	209.0729783
54073	"Pleasants, WV"	237.8246753
54075	"Pocahontas, WV"	349.7828662
54077	"Preston, WV"	349.7735047
54079	"Putnam, WV"	260.240162
54081	"Raleigh, WV"	243.7767681
54083	"Randolph, WV"	349.7728028
54085	"Ritchie, WV"	
54087	"Roane, WV"	322.4408527
54089	"Summers, WV"	243.834577
54091	"Taylor, WV"	349.8309542
54093	"Tucker, WV"	349.7089639
54095	"Tyler, WV"	237.8105735
54097	"Upshur, WV"	349.8101349
54099	"Wayne, WV"	260.2332127
54101	"Webster, WV"	322.4457279
54103	"Wetzel, WV"	210.4978355
54105	"Wirt, WV"	237.8842426
54107	"Wood, WV"	237.7591699
54109	"Wyoming, WV"	243.8083481
55001	"Adams, WI"	99.66777409
55003	"Ashland, WI"	287.5333744
55005	"Barron, WI"	198.5440106
55007	"Bayfield, WI"	284.738041
55009	"Brown, WI"	321.2781409
55011	"Buffalo, WI"	112.895133
55013	"Burnett, WI"	193.7101185
55015	"Calumet, WI"	54.76118041
55017	"Chippewa, WI"	36.63361501
55019	"Clark, WI"	303.6238981
55021	"Columbia, WI"	277.1424728
55023	"Crawford, WI"	20.31488065
55025	"Dane, WI"	113.7271613
55027	"Dodge, WI"	528.6373856
55029	"Door, WI"	82.42977617
55031	"Douglas, WI"	
55033	"Dunn, WI"	153.0495946
55035	"Eau Claire, WI"	221.8682444
55037	"Florence, WI"	112.4437781
55039	"Fond du Lac, WI"	317.1760707
55041	"Forest, WI"	255.3812477
55043	"Grant, WI"	11.86169266
55045	"Green, WI"	175.5888651
55047	"Green Lake, WI"	266.1225938
55049	"Iowa, WI"	94.40323668
55051	"Iron, WI"	61.93868071
55053	"Jackson, WI"	92.75003865
55055	"Jefferson, WI"	49.82561036
55057	"Juneau, WI"	250.5817075
55059	"Kenosha, WI"	403.9162313
55061	"Kewaunee, WI"	47.31861199
55063	"La Crosse, WI"	125.9223814
55065	"Lafayette, WI"	49.01480247
55067	"Langlade, WI"	112.185019
55069	"Lincoln, WI"	604.1443171
55071	"Manitowoc, WI"	221.7205515
55073	"Marathon, WI"	207.0441539
55075	"Marinette, WI"	196.1104756
55077	"Marquette, WI"	130.6904814
55078	"Menominee, WI"	317.1270718
55079	"Milwaukee, WI"	190.7329595
55081	"Monroe, WI"	267.0133155
55083	"Oconto, WI"	130.1864606
55085	"Oneida, WI"	146.1505822
55087	"Outagamie, WI"	189.6364491
55089	"Ozaukee, WI"	126.3615007
55091	"Pepin, WI"	160.5504587
55093	"Pierce, WI"	
55095	"Polk, WI"	220.5476934
55097	"Portage, WI"	64.7627802
55099	"Price, WI"	161.7518975
55101	"Racine, WI"	492.4125849
55103	"Richland, WI"	87.58271701
55105	"Rock, WI"	334.0630056
55107	"Rusk, WI"	249.9107462
55109	"St. Croix, WI"	
55111	"Sauk, WI"	91.87981127
55113	"Sawyer, WI"	136.3541011
55115	"Shawano, WI"	317.0527157
55117	"Sheboygan, WI"	182.9516195
55119	"Taylor, WI"	79.34618742
55121	"Trempealeau, WI"	38.97767136
55123	"Vernon, WI"	33.07972213
55125	"Vilas, WI"	32.86500698
55127	"Walworth, WI"	160.1081097
55129	"Washburn, WI"	76.06215365
55131	"Washington, WI"	72.2518493
55133	"Waukesha, WI"	74.02440868
55135	"Waupaca, WI"	280.5049088
55137	"Waushara, WI"	162.6346818
55139	"Winnebago, WI"	113.1856947
55141	"Wood, WI"	48.90627779
56001	"Albany, WY"	83.47245409
56003	"Big Horn, WY"	188.0787037
56005	"Campbell, WY"	64.86135885
56007	"Carbon, WY"	377.2793964
56009	"Converse, WY"	326.4544713
56011	"Crook, WY"	
56013	"Fremont, WY"	357.0978448
56015	"Goshen, WY"	218.579235
56017	"Hot Springs, WY"	547.0887065
56019	"Johnson, WY"	204.415372
56021	"Laramie, WY"	315.0865312
56023	"Lincoln, WY"	42.46284501
56025	"Natrona, WY"	382.938612
56027	"Niobrara, WY"	
56029	"Park, WY"	160.1464196
56031	"Platte, WY"	486.8154158
56033	"Sheridan, WY"	178.1953669
56035	"Sublette, WY"	280.3892462
56037	"Sweetwater, WY"	211.1040743
56039	"Teton, WY"	112.9447198
56041	"Uinta, WY"	286.3278454
56043	"Washakie, WY"	
56045	"Weston, WY"	46.14674665
